idPlayer,kmeans_cluster,archetype,hierarchical_cluster,kda_ratio,headshot_rate,win_rate,entry_aggression,support_score,objective_score
2,0,Passive/Low Impact,3,0.6058558558558558,0.38222222222222224,0.38095238095238093,0.08316831683168317,0.07555555555555556,0.05940594059405941
3,2,Balanced Aggressor,1,1.221243808475509,0.3710407239819004,0.5056179775280899,0.07436001625355547,0.015082956259426846,0.06989028850060952
6,2,Balanced Aggressor,0,1.22140221402214,0.3888888888888889,0.5384615384615384,0.1584852734922861,0.005208333333333334,0.03786816269284712
7,0,Passive/Low Impact,2,0.8301282051282052,0.3952380952380952,0.4375,0.05194805194805195,0.004761904761904762,0.08311688311688312
9,1,Support/Utility Player,3,1.4166666666666665,0.4425249169435216,0.5538461538461539,0.06526806526806528,0.0159468438538206,0.11072261072261073
10,3,Dominant Fragger,0,1.1653916768665853,0.5426658820067677,0.4991869918699187,0.14631456405857485,0.0296065017390811,0.049506770418479264
11,1,Support/Utility Player,3,0.9501230149854618,0.3307193077339102,0.5381165919282511,0.06974393530997305,0.04056246619794484,0.058793800539083556
12,2,Balanced Aggressor,0,1.1525885558583107,0.4198895027624309,0.5789473684210527,0.1193058568329718,0.008287292817679558,0.06290672451193059
14,0,Passive/Low Impact,2,0.5696887686062246,0.2356020942408377,0.34285714285714286,0.053227633069082674,0.018324607329842934,0.045300113250283124
19,2,Balanced Aggressor,1,1.2003054212267752,0.3692380056444026,0.42424242424242425,0.10716238381629306,0.019990592662276575,0.05813741570985967
20,3,Dominant Fragger,1,1.4667864957799313,0.44793438639125155,0.4804804804804805,0.12878239063806074,0.058059804590622356,0.06999164112566174
21,0,Passive/Low Impact,2,1.15,0.42021276595744683,0.3,0.049586776859504134,0.015957446808510637,0.04545454545454546
22,2,Balanced Aggressor,1,0.9825892857142856,0.436078431372549,0.463519313304721,0.08921551871474961,0.012287581699346404,0.04512049222355153
24,0,Passive/Low Impact,2,0.808,0.38461538461538464,0.3076923076923077,0.060240963855421686,0.02366863905325444,0.06927710843373493
26,3,Dominant Fragger,1,1.2856058689602832,0.4114967462039046,0.4690721649484536,0.12335494009035552,0.04186550976138829,0.06246317030053034
27,2,Balanced Aggressor,1,1.0472175379426645,0.5179211469534051,0.32142857142857145,0.0980392156862745,0.03421309872922776,0.06535947712418301
30,2,Balanced Aggressor,1,1.1491108071135432,0.4339622641509434,0.4117647058823529,0.09513513513513513,0.006738544474393531,0.04972972972972973
31,1,Support/Utility Player,3,1.1763392857142856,0.3504273504273504,0.4583333333333333,0.08051529790660227,0.034188034188034185,0.0821256038647343
33,1,Support/Utility Player,1,1.0716011421041072,0.37986860628812763,0.4642857142857143,0.0942310945694468,0.039183481933364614,0.06513280324818135
35,2,Balanced Aggressor,0,1.0880503144654088,0.4204809930178433,0.6357142857142857,0.10682819383259912,0.02461335818854614,0.06360132158590308
37,2,Balanced Aggressor,3,1.2060418280402787,0.36985294117647055,0.3880597014925373,0.0933806146572104,0.01176470588235294,0.08215130023640661
38,2,Balanced Aggressor,2,0.9340866290018832,0.38403990024937656,0.38461538461538464,0.10029940119760479,0.034912718204488775,0.03293413173652694
40,2,Balanced Aggressor,1,1.0030000000000001,0.3040462427745665,0.5319148936170213,0.10334110334110334,0.03352601156069364,0.05283605283605284
41,2,Balanced Aggressor,1,1.2007575757575757,0.4716312056737589,0.5,0.07121661721068248,0.010638297872340425,0.044510385756676554
42,1,Support/Utility Player,3,1.0655251893315771,0.39131932483637616,0.47651006711409394,0.09090909090909091,0.05339304168101963,0.06280547409579668
43,2,Balanced Aggressor,0,1.2416213768115945,0.35635531516538377,0.5186915887850467,0.13208840157615212,0.024662781487482553,0.04488607161212952
44,2,Balanced Aggressor,0,1.305739514348786,0.3558252427184466,0.5176470588235295,0.15030408340573415,0.0077669902912621365,0.03127715030408341
45,3,Dominant Fragger,0,1.31044776119403,0.4257510729613734,0.5849056603773585,0.1271306818181818,0.03175965665236051,0.06107954545454545
47,0,Passive/Low Impact,2,0.9586305278174037,0.2902097902097902,0.37142857142857144,0.0718232044198895,0.01223776223776224,0.08066298342541436
49,1,Support/Utility Player,3,1.2140287769784173,0.31214343928280364,0.5441176470588235,0.06268136970400463,0.03178484107579462,0.09924550203134068
50,3,Dominant Fragger,0,1.2729090303232258,0.4605568445475638,0.6050955414012739,0.10836136472849592,0.021751740139211138,0.0913022585295531
51,1,Support/Utility Player,3,1.07928164695576,0.31869688385269124,0.45217391304347826,0.053731343283582096,0.020302171860245515,0.11210613598673301
52,3,Dominant Fragger,0,1.3853968253968254,0.5084055017829853,0.6296296296296297,0.12752293577981652,0.028527763627101375,0.054587155963302755
53,0,Passive/Low Impact,2,1.0381534569983137,0.3517877739331026,0.5269709543568465,0.06813967861557478,0.014763552479815456,0.05747836835599505
56,2,Balanced Aggressor,1,1.1639865996649916,0.4071954210956664,0.5488215488215489,0.08986146867720976,0.009055254514461522,0.05994851048179479
57,1,Support/Utility Player,3,1.0231481481481481,0.4522546419098143,0.575,0.07495429616087751,0.03978779840848806,0.05210237659963437
58,1,Support/Utility Player,3,0.8498542274052479,0.30831643002028397,0.75,0.0975609756097561,0.05070993914807302,0.04529616724738676
60,2,Balanced Aggressor,2,1.0601604278074865,0.4412607449856733,0.42105263157894735,0.11789473684210526,0.01862464183381089,0.02
61,2,Balanced Aggressor,1,1.5271411338962604,0.3033006244424621,0.36585365853658536,0.1411764705882353,0.01784121320249777,0.0669683257918552
62,1,Support/Utility Player,1,1.2437619961612283,0.3943908851884312,0.5263157894736842,0.10672210672210673,0.03067484662576687,0.0803880803880804
64,0,Passive/Low Impact,3,0.6317991631799164,0.3125,0.3125,0.03215434083601286,0.046875,0.12861736334405144
65,2,Balanced Aggressor,0,1.0596896770107662,0.396644697423607,0.4863481228668942,0.13984711248153145,0.02114183000941539,0.040791417742660756
68,1,Support/Utility Player,3,1.1613430396672113,0.3782965845222655,0.48333333333333334,0.06040128911529265,0.018208816101795953,0.08171327580829607
69,2,Balanced Aggressor,0,1.1788928892889288,0.4648155998304367,0.44285714285714284,0.13606271777003484,0.016661641727098178,0.045470383275261324
70,0,Passive/Low Impact,3,0.8940972222222223,0.36423841059602646,0.3103448275862069,0.04365620736698499,0.057395143487858714,0.08867667121418826
71,0,Passive/Low Impact,2,0.8956356736242884,0.31862745098039214,0.36,0.08435582822085891,0.01715686274509804,0.03374233128834356
72,1,Support/Utility Player,3,1.0128205128205128,0.49282296650717705,0.3888888888888889,0.0646186440677966,0.022328548644338118,0.09745762711864406
74,2,Balanced Aggressor,1,1.1271727172717272,0.36205039844927844,0.5022421524663677,0.13655356844392447,0.019599396941632565,0.08223299348153101
75,2,Balanced Aggressor,1,1.124203821656051,0.292375205704882,0.4943820224719101,0.13591022443890274,0.014810751508502468,0.0340814630091438
77,2,Balanced Aggressor,1,1.1597128757290265,0.30257320319432124,0.45714285714285713,0.09581263307310149,0.013753327417923693,0.0397444996451384
78,1,Support/Utility Player,0,1.157088122605364,0.35294117647058826,0.6,0.11142857142857143,0.03529411764705882,0.06571428571428571
80,2,Balanced Aggressor,1,1.0245582509733453,0.391304347826087,0.5192307692307693,0.0882899628252788,0.003244646333549643,0.055762081784386616
81,0,Passive/Low Impact,2,0.9099756690997567,0.38364779874213834,0.2608695652173913,0.05935251798561151,0.018867924528301886,0.06115107913669064
82,0,Passive/Low Impact,2,0.8528225806451613,0.43814432989690727,0.3333333333333333,0.06589785831960461,0.030927835051546396,0.07084019769357495
83,1,Support/Utility Player,3,1.1890454666312151,0.3306282722513089,0.5408163265306123,0.08047718235182731,0.02905759162303665,0.07044120431736414
84,0,Passive/Low Impact,2,0.8365724381625442,0.23557126030624262,0.5084745762711864,0.07601572739187418,0.012956419316843345,0.10419397116644823
85,2,Balanced Aggressor,1,1.0717427157779,0.4161832061068702,0.5263157894736842,0.09532828282828282,0.033282442748091605,0.05934343434343434
86,1,Support/Utility Player,3,1.1545860529027825,0.3708904109589041,0.4827586206896552,0.08350202429149797,0.01815068493150685,0.09084008097165991
87,2,Balanced Aggressor,1,1.008595988538682,0.37904838064774093,0.49242424242424243,0.09601100412654745,0.016921475684535347,0.05034387895460797
88,2,Balanced Aggressor,1,0.994221740700614,0.4040660736975858,0.42424242424242425,0.09156492785793562,0.02626005929690809,0.06936736958934517
89,3,Dominant Fragger,0,1.3239573229873909,0.4651351351351351,0.5751633986928104,0.15009891196834818,0.02972972972972973,0.05143422354104847
90,3,Dominant Fragger,0,1.483275663206459,0.4177764910248987,0.5734265734265734,0.13004484304932734,0.02721482339316734,0.08177261936164601
91,2,Balanced Aggressor,1,1.1018614270941054,0.42429022082018936,0.6060606060606061,0.09806949806949807,0.01577287066246057,0.05675675675675675
92,2,Balanced Aggressor,1,1.1058163980378417,0.3424657534246575,0.4583333333333333,0.10472610096670248,0.020187454938716654,0.050483351235230935
93,1,Support/Utility Player,1,1.190462041301441,0.32049439494107507,0.4954954954954955,0.12469163489571652,0.02788157516527738,0.08174478582641848
94,2,Balanced Aggressor,1,1.0481171548117154,0.41797752808988764,0.5217391304347826,0.08530805687203792,0.013483146067415729,0.03949447077409163
95,3,Dominant Fragger,0,1.6320754716981132,0.3225806451612903,0.5789473684210527,0.0808080808080808,0.01935483870967742,0.08484848484848484
96,1,Support/Utility Player,3,1.2109826589595376,0.2793235133660666,0.5714285714285714,0.07484662576687116,0.028914348063284235,0.08670756646216769
97,2,Balanced Aggressor,1,1.3418013856812931,0.2688588007736944,0.36363636363636365,0.12773109243697478,0.0019342359767891683,0.08571428571428572
98,3,Dominant Fragger,0,1.4220654265554842,0.3020725388601036,0.6049382716049383,0.13755656108597286,0.01865284974093264,0.07194570135746607
99,0,Passive/Low Impact,2,0.7166186359269933,0.32148626817447495,0.37254901960784315,0.0472560975609756,0.024232633279483037,0.06478658536585365
101,1,Support/Utility Player,3,0.691131498470948,0.32972972972972975,0.6875,0.04899777282850779,0.032432432432432434,0.10467706013363029
102,3,Dominant Fragger,0,1.3821656050955413,0.4914675767918088,0.5384615384615384,0.09857142857142856,0.04948805460750853,0.06142857142857142
103,2,Balanced Aggressor,1,1.0905730129390019,0.3590733590733591,0.42857142857142855,0.11281337047353761,0.017374517374517374,0.06685236768802229
104,1,Support/Utility Player,3,1.1643090315560392,0.2886852308776877,0.4768211920529801,0.08316633266533068,0.03524850193866761,0.0561122244488978
105,2,Balanced Aggressor,1,1.2146464646464645,0.3868263473053893,0.5,0.0884476534296029,0.02874251497005988,0.05324909747292419
107,1,Support/Utility Player,3,1.1361312886736616,0.4028795811518325,0.5412371134020618,0.0776937618147448,0.05157068062827225,0.0897920604914934
109,2,Balanced Aggressor,1,1.2048289738430582,0.2993654348637551,0.48148148148148145,0.11217587373167982,0.011944755505785741,0.08229988726042842
110,0,Passive/Low Impact,3,0.9498997995991985,0.22564102564102562,0.6956521739130435,0.07108239095315023,0.012820512820512818,0.03877221324717286
111,2,Balanced Aggressor,1,1.1074943224829674,0.4535768645357687,0.4675324675324675,0.08547008547008546,0.020547945205479454,0.03258547008547008
113,1,Support/Utility Player,3,1.0408719346049047,0.3413897280966767,0.5897435897435898,0.09939148073022312,0.03172205438066465,0.05882352941176471
114,2,Balanced Aggressor,1,1.0362694300518134,0.33163265306122447,0.48466257668711654,0.09318051575931231,0.033503401360544215,0.05467048710601719
117,2,Balanced Aggressor,1,1.105263157894737,0.3721624850657108,0.42528735632183906,0.08800000000000001,0.02270011947431302,0.04444444444444444
118,0,Passive/Low Impact,2,0.6949152542372882,0.2773722627737226,0.2727272727272727,0.054237288135593226,0.0,0.05084745762711864
120,3,Dominant Fragger,0,1.7024390243902436,0.4894991922455574,0.5714285714285714,0.1423670668953688,0.033925686591276254,0.06861063464837049
121,3,Dominant Fragger,1,1.3664233576642335,0.2781136638452237,0.40625,0.18118466898954705,0.026602176541717048,0.07317073170731707
122,2,Balanced Aggressor,1,1.2408759124087592,0.37123745819397996,0.4666666666666667,0.10455764075067024,0.016722408026755852,0.04825737265415549
123,2,Balanced Aggressor,2,0.9330054499534761,0.41843047867144245,0.47352941176470587,0.09805201871803243,0.004898810741651129,0.029927086734138644
126,1,Support/Utility Player,3,1.1867321867321865,0.2644230769230769,0.5833333333333334,0.07216494845360824,0.009615384615384616,0.12027491408934707
128,3,Dominant Fragger,0,1.8594594594594593,0.4568106312292359,0.6818181818181818,0.2196969696969697,0.03156146179401993,0.05492424242424243
132,2,Balanced Aggressor,1,1.2065955383123181,0.5322338830584707,0.42948717948717946,0.0936007640878701,0.020389805097451277,0.055873925501432664
133,1,Support/Utility Player,1,1.1799856011519079,0.3941278065630397,0.5,0.09133858267716535,0.036614853195164075,0.05748031496062992
134,2,Balanced Aggressor,1,1.2641605715257695,0.36710206561360875,0.4189189189189189,0.10945273631840796,0.033680004942644726,0.06616915422885572
138,1,Support/Utility Player,1,1.1597358121330723,0.38013868251609706,0.504950495049505,0.11038107752956636,0.037642397226349676,0.08222263938426883
141,0,Passive/Low Impact,2,0.7182130584192441,0.30409356725146197,0.3333333333333333,0.0398936170212766,0.017543859649122806,0.07712765957446809
143,3,Dominant Fragger,0,1.098,0.384,0.625,0.14687499999999998,0.016,0.046875
144,3,Dominant Fragger,0,1.6897374701670644,0.34939759036144574,0.6206896551724138,0.1439169139465875,0.025602409638554213,0.08011869436201781
146,1,Support/Utility Player,3,0.9946428571428572,0.311340206185567,0.4074074074074074,0.06961178045515394,0.09896907216494845,0.06693440428380187
147,1,Support/Utility Player,2,1.0609348914858097,0.30777479892761395,0.46153846153846156,0.07863205192211682,0.029133154602323505,0.0838741887169246
149,3,Dominant Fragger,0,1.03971119133574,0.46414342629482075,0.6296296296296297,0.1349095966620306,0.053784860557768925,0.05702364394993046
151,0,Passive/Low Impact,2,0.9636363636363636,0.34576271186440677,0.25,0.08177570093457943,0.003389830508474576,0.04672897196261682
153,2,Balanced Aggressor,0,1.2094032125688827,0.4538725002762126,0.4880952380952381,0.1205000886682036,0.0186057844054732,0.04194006029437844
154,2,Balanced Aggressor,1,1.1578947368421053,0.41280353200883,0.47619047619047616,0.12456747404844289,0.02649006622516556,0.0657439446366782
155,1,Support/Utility Player,3,1.4015810276679839,0.33150183150183155,0.5,0.08559276980329612,0.06532356532356533,0.09144072301967039
156,1,Support/Utility Player,3,1.0352601156069365,0.2640911969601013,0.5229885057471264,0.07797971259509721,0.03134895503483217,0.07586644125105663
157,0,Passive/Low Impact,3,0.6739811912225705,0.3259668508287293,0.5333333333333333,0.06483790523690773,0.022099447513812154,0.08478802992518704
158,1,Support/Utility Player,1,1.1312663579625528,0.3861533870486422,0.43887775551102204,0.09491551225452886,0.029303726394686477,0.08441163038514234
159,0,Passive/Low Impact,2,0.8093645484949833,0.25,0.3333333333333333,0.09192200557103064,0.024509803921568627,0.07799442896935933
160,2,Balanced Aggressor,1,1.080563947633434,0.35802469135802467,0.38,0.1043956043956044,0.016835016835016835,0.06828885400313972
161,2,Balanced Aggressor,2,0.817363344051447,0.39071038251366125,0.49295774647887325,0.08885464817668208,0.02401769450949779,0.027221366204417053
162,0,Passive/Low Impact,2,0.8903852176636392,0.3312447786131996,0.44025157232704404,0.06227715711908723,0.025480367585630746,0.06631804135963869
164,1,Support/Utility Player,3,1.0208478109798471,0.4204112718964204,0.4246575342465753,0.08877284595300261,0.05407463823305407,0.0793733681462141
166,1,Support/Utility Player,3,0.9087301587301587,0.41999999999999993,0.6,0.09226190476190478,0.049999999999999996,0.05654761904761905
168,3,Dominant Fragger,0,1.423963133640553,0.3963369963369963,0.5,0.14830813534917206,0.03736263736263736,0.061195104391648665
171,2,Balanced Aggressor,1,1.129894344313238,0.3482926829268293,0.46540880503144655,0.12490779444307844,0.027317073170731707,0.043029259896729774
172,1,Support/Utility Player,3,1.2094017094017093,0.41897233201581024,0.5714285714285714,0.06567164179104477,0.043478260869565216,0.04776119402985075
174,1,Support/Utility Player,3,1.3686131386861315,0.370253164556962,0.6666666666666666,0.05721393034825871,0.00949367088607595,0.10199004975124377
175,2,Balanced Aggressor,1,1.252873563218391,0.3527131782945736,0.4722222222222222,0.06984126984126984,0.020671834625322995,0.050793650793650794
179,2,Balanced Aggressor,1,1.3172413793103448,0.31721470019342357,0.5217391304347826,0.12619808306709265,0.017408123791102514,0.05111821086261981
180,1,Support/Utility Player,3,1.2551169590643274,0.38588390501319264,0.6470588235294118,0.09698275862068965,0.007255936675461742,0.09967672413793104
181,2,Balanced Aggressor,0,1.139784946236559,0.3433984606275903,0.52,0.14804202483285578,0.023090586145648313,0.03247373447946513
183,2,Balanced Aggressor,1,1.053016453382084,0.384765625,0.5,0.10814419225634178,0.01953125,0.04539385847797063
186,0,Passive/Low Impact,1,1.109704641350211,0.24463519313304719,0.36363636363636365,0.11912225705329153,0.008583690987124463,0.0877742946708464
187,1,Support/Utility Player,3,0.9691851851851853,0.36783216783216777,0.5,0.07352941176470587,0.05769230769230768,0.0722318339100346
188,3,Dominant Fragger,0,1.3153526970954357,0.3900946021146355,0.5397849462365591,0.1152395473878501,0.0333889816360601,0.045180964609581896
189,0,Passive/Low Impact,2,1.0580490724117295,0.27676240208877284,0.44155844155844154,0.09257518796992481,0.02480417754569191,0.054981203007518804
192,0,Passive/Low Impact,2,0.7959377975245954,0.32427277062470194,0.310126582278481,0.08813559322033898,0.010491177873152121,0.0591916558018253
193,2,Balanced Aggressor,1,1.2320000000000002,0.4196721311475409,0.4,0.1060711793440335,0.021311475409836064,0.06489881367759945
195,2,Balanced Aggressor,1,1.2230483271375463,0.42756183745583043,0.46153846153846156,0.11294765840220385,0.04240282685512368,0.05785123966942149
197,3,Dominant Fragger,0,1.5730027548209364,0.46853146853146854,0.5370370370370371,0.1861413043478261,0.019071837253655435,0.04687499999999999
198,1,Support/Utility Player,1,1.240618101545254,0.37225806451612903,0.5921052631578947,0.08963001563314225,0.02,0.07139134966128191
199,0,Passive/Low Impact,2,0.7671232876712328,0.2916666666666667,0.45454545454545453,0.08823529411764705,0.03472222222222222,0.051470588235294115
200,2,Balanced Aggressor,1,1.165175498967653,0.3983739837398374,0.44285714285714284,0.1003737319807795,0.003387533875338753,0.03790710090763481
201,2,Balanced Aggressor,0,1.1209876543209876,0.4354066985645933,0.5,0.11545293072824157,0.026315789473684216,0.055062166962699825
202,0,Passive/Low Impact,2,0.9836500220945649,0.2659758203799654,0.48502994011976047,0.08166012338754906,0.012607944732297064,0.07504206393718452
205,2,Balanced Aggressor,1,1.2262262262262262,0.30434782608695654,0.4423076923076923,0.10072992700729927,0.02898550724637681,0.06496350364963503
206,3,Dominant Fragger,0,1.3579520697167757,0.3609187021509296,0.6130434782608696,0.11395461129888942,0.03937294932555596,0.05987445678416224
207,0,Passive/Low Impact,2,1.0153846153846153,0.3971924029727499,0.410958904109589,0.06057206954570948,0.009083402146985962,0.03813796971396523
208,2,Balanced Aggressor,1,1.0271186440677964,0.35177865612648224,0.5,0.08648648648648648,0.03162055335968379,0.027027027027027025
210,2,Balanced Aggressor,1,1.0245993291092061,0.446510656080234,0.5020080321285141,0.08589856347112283,0.0177601337233598,0.04910583406625623
212,3,Dominant Fragger,1,1.3081570996978853,0.3386243386243386,0.5555555555555556,0.12946428571428573,0.021164021164021163,0.07142857142857142
214,0,Passive/Low Impact,2,0.9889298892988928,0.3275488069414317,0.34615384615384615,0.08181818181818183,0.02819956616052061,0.04090909090909091
215,1,Support/Utility Player,3,1.2872812744841995,0.36504989556741707,0.47572815533980584,0.10710882408995616,0.03945230912044558,0.09090909090909091
216,1,Support/Utility Player,1,1.3776676829268293,0.3572755417956656,0.3669064748201439,0.11256473153447806,0.043506957438845986,0.09348596347778687
218,1,Support/Utility Player,3,0.943877551020408,0.39864864864864863,0.6,0.06854838709677419,0.07432432432432433,0.03225806451612903
222,0,Passive/Low Impact,2,0.976545842217484,0.21323529411764705,0.6,0.09983361064891846,0.00980392156862745,0.06821963394342763
223,0,Passive/Low Impact,2,0.8194444444444443,0.4050632911392405,0.2,0.09883720930232558,0.03481012658227848,0.040697674418604654
225,0,Passive/Low Impact,3,0.8290225563909773,0.30073761854583775,0.44776119402985076,0.05731343283582089,0.05142255005268704,0.0724776119402985
227,3,Dominant Fragger,0,1.4785861230596595,0.3467683892327623,0.550185873605948,0.14791175246288332,0.041600690945731975,0.07756347995004857
228,1,Support/Utility Player,3,1.205761316872428,0.4328358208955224,0.42857142857142855,0.10306406685236769,0.026119402985074626,0.09749303621169916
231,1,Support/Utility Player,0,1.1455816910362364,0.43555555555555553,0.569620253164557,0.09022556390977443,0.031746031746031744,0.08646616541353383
232,0,Passive/Low Impact,2,0.8069908814589666,0.2,0.375,0.033373063170441,0.029545454545454545,0.05959475566150179
235,1,Support/Utility Player,3,1.306896551724138,0.44984802431610943,0.5333333333333333,0.10353535353535355,0.0425531914893617,0.12626262626262627
236,0,Passive/Low Impact,1,1.0362035225048922,0.32962138084632514,0.3877551020408163,0.08985282726568551,0.017817371937639197,0.06661502711076685
237,0,Passive/Low Impact,2,0.7506811989100818,0.29203539823008845,0.20588235294117646,0.06783625730994151,0.022123893805309734,0.06900584795321636
238,2,Balanced Aggressor,1,1.1280931586608443,0.3308157099697885,0.4927536231884058,0.1148723640399556,0.029456193353474318,0.06048834628190899
239,2,Balanced Aggressor,1,1.2128362435110902,0.38464951197870456,0.4811320754716981,0.11882933709449928,0.022394050788017067,0.06770098730606487
245,0,Passive/Low Impact,1,1.1603773584905661,0.40092165898617516,0.28888888888888886,0.08138528138528138,0.016129032258064516,0.08225108225108226
247,2,Balanced Aggressor,1,0.995344506517691,0.40110497237569054,0.44,0.09097578870139397,0.012154696132596685,0.04328686720469552
248,0,Passive/Low Impact,2,0.9600967351874244,0.28654970760233917,0.6,0.07420814479638009,0.010233918128654968,0.07782805429864253
249,2,Balanced Aggressor,1,1.3231404958677686,0.20548885077186965,0.53125,0.15092356209641086,0.0017219923990179262,0.04024628322570956
250,1,Support/Utility Player,3,0.790304396843292,0.27018121911037896,0.6382978723404256,0.0327613104524181,0.03459637561779242,0.10374414976599063
251,0,Passive/Low Impact,2,1.132283464566929,0.264,0.4594594594594595,0.07443096859943511,0.010823529411764706,0.06629008140887191
252,1,Support/Utility Player,3,1.2466281310211949,0.28546409807355516,0.5,0.08623087621696802,0.007005253940455341,0.11404728789986093
254,3,Dominant Fragger,3,1.3377659574468086,0.3737704918032787,0.6829268292682927,0.09864253393665158,0.02622950819672131,0.09049773755656108
255,1,Support/Utility Player,0,1.209775967413442,0.3766364551863041,0.6153846153846154,0.08708065667380442,0.03423967774420947,0.06138472519628837
256,1,Support/Utility Player,1,1.1176470588235294,0.27294117647058824,0.43478260869565216,0.10416666666666666,0.030588235294117642,0.06944444444444443
257,1,Support/Utility Player,3,1.1744022503516174,0.2791193181818182,0.547945205479452,0.08802083333333334,0.028409090909090908,0.05989583333333334
258,2,Balanced Aggressor,1,0.9750927397986222,0.41279420639710324,0.42391304347826086,0.11541701769165964,0.03379601689800845,0.05433866891322662
259,3,Dominant Fragger,0,1.4112149532710279,0.3658536585365854,0.6764705882352942,0.11842105263157894,0.03337612323491656,0.07236842105263158
260,3,Dominant Fragger,1,1.2907348242811503,0.3847222222222223,0.5757575757575758,0.13825983313468415,0.01388888888888889,0.07508939213349225
261,2,Balanced Aggressor,0,1.204275534441805,0.39867841409691634,0.45,0.1227106227106227,0.022026431718061675,0.038461538461538464
262,1,Support/Utility Player,3,1.3247422680412373,0.39254533243787776,0.4966442953020134,0.04951005673027333,0.04533243787777031,0.08483754512635379
263,3,Dominant Fragger,0,1.7636181909045476,0.3108602806589384,0.7984496124031008,0.19739837398373983,0.05308114704087859,0.07967479674796747
264,2,Balanced Aggressor,3,1.0479192938209332,0.2982689747003995,0.6097560975609756,0.07757805108798486,0.009320905459387484,0.06149479659413434
265,2,Balanced Aggressor,1,1.0233995584988962,0.34753146176185873,0.4782608695652174,0.12256076686066415,0.01452081316553727,0.05443341321465252
266,2,Balanced Aggressor,0,1.222366710013004,0.477326968973747,0.40540540540540543,0.11723446893787576,0.03699284009546539,0.03807615230460923
267,0,Passive/Low Impact,1,1.0736196319018405,0.38030424339471575,0.3939393939393939,0.07455890722822994,0.017614091273018412,0.06602162777461583
268,3,Dominant Fragger,1,1.3583577712609969,0.41878669275929553,0.5760869565217391,0.14821197759586385,0.016634050880626222,0.06936665230504092
269,0,Passive/Low Impact,2,0.8316144387147958,0.3778310684785505,0.47410358565737054,0.07738833746898263,0.022382094324540365,0.02574441687344913
272,1,Support/Utility Player,3,1.2442396313364057,0.29321663019693656,0.52,0.0768025078369906,0.04157549234135667,0.06426332288401254
274,2,Balanced Aggressor,1,1.3464788732394366,0.37813211845102507,0.5789473684210527,0.11066398390342053,0.004555808656036446,0.04124748490945674
275,2,Balanced Aggressor,1,1.1074766355140189,0.3414634146341463,0.5454545454545454,0.108843537414966,0.00975609756097561,0.07142857142857144
277,1,Support/Utility Player,3,1.082579185520362,0.3406789755807028,0.46875,0.07354149548069022,0.04526503871351995,0.052999178307313065
280,0,Passive/Low Impact,2,0.8344827586206897,0.3594132029339854,0.3,0.08746355685131195,0.022004889975550123,0.042274052478134115
281,0,Passive/Low Impact,2,0.5430686406460297,0.25406203840472674,0.5294117647058824,0.043501611170784105,0.0029542097488921715,0.07894736842105263
282,2,Balanced Aggressor,1,1.1132882882882884,0.38641043239533285,0.5087719298245614,0.08860968755166143,0.026885247884283377,0.059183336088609685
284,2,Balanced Aggressor,2,1.073939393939394,0.24545454545454548,0.5,0.11632100991884581,0.011688311688311689,0.061316501352569885
287,2,Balanced Aggressor,0,1.2646588486140724,0.42750408592108335,0.5,0.12268973653165552,0.026616857342983892,0.048171451042076284
288,3,Dominant Fragger,0,1.530201342281879,0.43450479233226835,0.5217391304347826,0.15435139573070608,0.011182108626198084,0.06403940886699507
289,1,Support/Utility Player,1,1.1729594669627985,0.3574479444741057,0.5355191256830601,0.10413322632423755,0.041336399852149985,0.055577849117174956
291,3,Dominant Fragger,1,1.2841225626740946,0.4239401496259351,0.5294117647058824,0.1141078838174274,0.037406483790523685,0.07676348547717841
293,0,Passive/Low Impact,2,0.8846153846153846,0.3863636363636364,0.3157894736842105,0.09583333333333333,0.022727272727272728,0.06666666666666667
296,2,Balanced Aggressor,0,1.2211267605633804,0.41688654353562,0.4594594594594595,0.11695278969957082,0.0316622691292876,0.03540772532188841
297,1,Support/Utility Player,3,1.0552763819095479,0.3814432989690722,0.6,0.06153846153846154,0.04639175257731959,0.07692307692307693
301,1,Support/Utility Player,3,1.27513855898654,0.46407079646017696,0.504,0.0857142857142857,0.07101056237510704,0.06822157434402333
302,0,Passive/Low Impact,2,1.0814648729446934,0.3015625,0.4794520547945205,0.06574761399787911,0.0125,0.07900318133616117
305,1,Support/Utility Player,3,1.047457627118644,0.2540006809669731,0.4625,0.10704225352112677,0.03643173306094654,0.07488262910798121
306,1,Support/Utility Player,3,1.2373887240356085,0.3875338753387534,0.8333333333333334,0.10683760683760683,0.05420054200542006,0.11111111111111113
307,1,Support/Utility Player,3,1.0220369267421086,0.27023411371237455,0.42857142857142855,0.07328918322295805,0.05284280936454849,0.08035320088300221
315,2,Balanced Aggressor,1,1.3961267605633803,0.3681687440076702,0.4634146341463415,0.1277533039647577,0.014381591562799617,0.06519823788546254
316,1,Support/Utility Player,2,1.1155648099947946,0.31699434419606787,0.5522388059701493,0.07222936960117625,0.024631026124427687,0.0593640874839184
317,1,Support/Utility Player,3,1.3952380952380952,0.4069767441860465,0.45454545454545453,0.10469314079422382,0.01550387596899225,0.11552346570397111
319,1,Support/Utility Player,3,1.3018597997138768,0.33818181818181814,0.6,0.0929368029739777,0.02909090909090909,0.09107806691449816
320,1,Support/Utility Player,1,1.1862571807335394,0.34136460554371,0.5043478260869565,0.09518422753716872,0.044136460554371,0.0504201680672269
321,2,Balanced Aggressor,2,1.055504446488807,0.32570991328005444,0.47833333333333333,0.10401370533529125,0.012242815847644958,0.060205580029368586
322,0,Passive/Low Impact,3,0.8151447661469933,0.38607594936708867,0.45454545454545453,0.06810035842293907,0.012658227848101266,0.10752688172043012
323,2,Balanced Aggressor,2,0.8687782805429864,0.3773584905660377,0.36363636363636365,0.1033210332103321,0.012578616352201259,0.01845018450184502
325,2,Balanced Aggressor,1,0.9553571428571428,0.3556701030927836,0.5428571428571428,0.09222222222222222,0.015463917525773196,0.04444444444444444
326,3,Dominant Fragger,0,1.3150751333010178,0.5682289506428868,0.5169082125603864,0.13535353535353534,0.0427208627125674,0.055280073461891635
327,2,Balanced Aggressor,1,1.0808748728382502,0.35855263157894735,0.59375,0.09028044563964656,0.014802631578947368,0.05877833269304649
328,2,Balanced Aggressor,1,1.2644061515656846,0.3091497975708502,0.4612546125461255,0.12232204561161023,0.01813765182186235,0.055286800276434005
329,2,Balanced Aggressor,1,1.1876310272536688,0.38999999999999996,0.4778481012658228,0.11905303892556339,0.02710144927536232,0.06453448668335988
333,1,Support/Utility Player,1,1.25,0.3532608695652174,0.4,0.0963855421686747,0.03804347826086957,0.07228915662650602
334,1,Support/Utility Player,3,1.060200668896321,0.35154826958105645,0.6060606060606061,0.058020477815699655,0.029143897996357013,0.08646188850967007
335,2,Balanced Aggressor,0,1.2799263351749537,0.453416149068323,0.4666666666666667,0.09727626459143969,0.02484472049689441,0.04280155642023346
336,3,Dominant Fragger,0,1.202821869488536,0.40518638573743926,0.576271186440678,0.162534435261708,0.014586709886547814,0.04545454545454546
339,1,Support/Utility Player,2,1.0581280788177339,0.2947719688542825,0.5192307692307693,0.08775654635527247,0.028921023359288096,0.06581740976645435
340,3,Dominant Fragger,0,1.5029585798816567,0.4989106753812636,0.7368421052631579,0.10216110019646366,0.023965141612200435,0.10805500982318271
342,2,Balanced Aggressor,0,1.273423980222497,0.4326881720430108,0.4527363184079602,0.09903688896965293,0.021720430107526886,0.054879156823550795
344,0,Passive/Low Impact,2,0.7333333333333333,0.3615635179153095,0.32,0.05333333333333334,0.013029315960912053,0.035
346,1,Support/Utility Player,3,1.2357244825124911,0.3673122663948352,0.541958041958042,0.09740596627756161,0.05147808358817533,0.0642023346303502
348,2,Balanced Aggressor,1,1.4647569444444444,0.3724604966139955,0.56,0.09346485819975339,0.011950604169433011,0.04056720098643649
349,2,Balanced Aggressor,1,1.3748618784530386,0.37172891970476407,0.5126903553299492,0.11891687180458246,0.018564079624245135,0.04733951903048665
350,0,Passive/Low Impact,2,0.6640419947506562,0.3893805309734513,0.10526315789473684,0.08133971291866028,0.008849557522123894,0.045454545454545456
351,2,Balanced Aggressor,1,1.2572411815314022,0.3759188846641318,0.47368421052631576,0.15251006142766363,0.02408111533586819,0.05422579961872485
353,1,Support/Utility Player,3,1.0456852791878173,0.34065934065934067,0.4,0.07053941908713693,0.027472527472527472,0.10373443983402489
354,1,Support/Utility Player,3,1.1155913978494623,0.40203426124197006,0.5773195876288659,0.06590574374079529,0.03747323340471092,0.059278350515463915
355,0,Passive/Low Impact,2,0.9696969696969697,0.3286384976525822,0.5,0.0679886685552408,0.014084507042253521,0.053824362606232294
356,1,Support/Utility Player,1,1.2060439560439562,0.44502617801047123,0.3888888888888889,0.12108559498956159,0.04973821989528796,0.06680584551148225
357,2,Balanced Aggressor,1,1.289725209080048,0.400260078023407,0.4444444444444444,0.11270767849124382,0.030169050715214564,0.05568028738212842
358,2,Balanced Aggressor,1,1.1551020408163264,0.37810487580496777,0.5277777777777778,0.10070422535211268,0.022079116835326585,0.06830985915492957
359,0,Passive/Low Impact,2,1.0,0.3,0.4,0.07885304659498209,0.010526315789473684,0.06451612903225806
360,0,Passive/Low Impact,2,0.9719101123595505,0.2822757111597374,0.3103448275862069,0.09365994236311238,0.0175054704595186,0.03746397694524496
361,2,Balanced Aggressor,0,1.102099511072764,0.49838092434501025,0.5301204819277109,0.1078107810781078,0.05035648384155316,0.04334433443344335
363,2,Balanced Aggressor,1,0.9055900621118012,0.41750841750841755,0.5588235294117647,0.09175257731958762,0.008417508417508419,0.0422680412371134
364,0,Passive/Low Impact,2,0.8663697104677062,0.3130699088145897,0.4782608695652174,0.0632279534109817,0.01519756838905775,0.036605657237936774
365,3,Dominant Fragger,0,1.1695846206659801,0.49060336300692386,0.5808823529411765,0.14480130647795317,0.02044180679195516,0.03511159499183451
368,3,Dominant Fragger,0,1.368289637952559,0.44967880085653106,0.6190476190476191,0.14312096029547555,0.034261241970021415,0.05724838411819022
369,2,Balanced Aggressor,3,0.9637777777777777,0.4125967440619162,0.5209302325581395,0.08315024505661651,0.036562583400053375,0.04765928680074362
370,2,Balanced Aggressor,0,1.1355656108597285,0.4258631742833593,0.5,0.12319504120588856,0.01963648214675892,0.046840881876452765
373,1,Support/Utility Player,3,1.048009367681499,0.39544235924932974,0.5681818181818182,0.07209499575911789,0.03485254691689008,0.09245122985581002
374,2,Balanced Aggressor,1,0.9041769041769041,0.36363636363636365,0.47619047619047616,0.10305343511450382,0.02727272727272727,0.05343511450381679
376,2,Balanced Aggressor,0,1.0058651026392962,0.4383561643835616,0.5,0.12155963302752294,0.00684931506849315,0.0481651376146789
377,0,Passive/Low Impact,2,0.9061224489795918,0.35323383084577115,0.38461538461538464,0.0547550432276657,0.009950248756218905,0.0893371757925072
378,2,Balanced Aggressor,1,1.0711610486891385,0.40248962655601656,0.38461538461538464,0.11799410029498526,0.04564315352697095,0.061946902654867256
379,2,Balanced Aggressor,1,1.2248886689757545,0.35052970981114695,0.49489795918367346,0.09460201280878318,0.026024873330262554,0.06477584629460202
381,2,Balanced Aggressor,1,1.0977587029089173,0.3621621621621622,0.4803921568627451,0.10943257184966837,0.013759213759213762,0.05342667649226234
382,3,Dominant Fragger,0,1.1756919374247896,0.48079161816065197,0.6190476190476191,0.1201067615658363,0.02910360884749709,0.04893238434163701
383,0,Passive/Low Impact,3,0.8832096729870845,0.31599433828733187,0.35714285714285715,0.056685150955021565,0.06263269639065816,0.05647976997330047
386,3,Dominant Fragger,0,1.333868378812199,0.5020026702269693,0.6666666666666666,0.09883720930232558,0.030707610146862487,0.08953488372093023
387,0,Passive/Low Impact,1,0.950093808630394,0.3981585448012576,0.44483985765124556,0.042073832790445166,0.04513810913990569,0.06324647122692725
388,2,Balanced Aggressor,1,1.2692307692307694,0.3031674208144796,0.5,0.10508474576271187,0.02262443438914027,0.05084745762711865
389,3,Dominant Fragger,0,1.4919808373255574,0.5685816596605947,0.6296296296296297,0.14869005668760535,0.04441546190425403,0.048107859659874366
390,2,Balanced Aggressor,0,1.2260869565217392,0.35605170387779084,0.5391304347826087,0.14618576444302586,0.021151586368977675,0.05298436003830194
391,3,Dominant Fragger,0,1.4694589877835948,0.30581867388362655,0.7142857142857143,0.13157894736842105,0.010825439783491203,0.043062200956937795
393,1,Support/Utility Player,3,1.2387254901960785,0.3499119718309859,0.4697674418604651,0.08625756266205704,0.05193661971830986,0.09611063094209162
394,1,Support/Utility Player,3,1.1424694708276797,0.3023255813953489,0.5609756097560976,0.07957813998082455,0.04487004103967169,0.0738255033557047
395,2,Balanced Aggressor,0,1.095676172953082,0.4518790100824931,0.5576923076923077,0.14594192107222637,0.006416131989000916,0.023827252419955324
396,2,Balanced Aggressor,1,1.1856899488926746,0.4253859348198971,0.4666666666666667,0.10121457489878542,0.04288164665523156,0.033738191632928474
397,1,Support/Utility Player,3,1.1837606837606838,0.4268292682926829,0.8461538461538461,0.05459770114942528,0.04878048780487805,0.05459770114942528
399,0,Passive/Low Impact,2,1.0063346823860637,0.2755874153723616,0.46488294314381273,0.06644602851323829,0.026881720430107527,0.061354378818737274
400,2,Balanced Aggressor,1,1.0382513661202186,0.34738955823293177,0.5925925925925926,0.07519788918205805,0.02208835341365462,0.044854881266490766
401,3,Dominant Fragger,0,1.2691441441441442,0.47497546614327774,0.7254901960784313,0.12089671737389913,0.014720314033366046,0.060048038430744605
402,3,Dominant Fragger,0,1.334792122538293,0.47919216646266827,0.6865671641791045,0.13492927094668117,0.025703794369645046,0.03808487486398259
403,0,Passive/Low Impact,2,1.0203272186415469,0.31476163124641016,0.4056603773584906,0.08365019011406845,0.01206203331418725,0.047528517110266164
404,1,Support/Utility Player,3,1.2984496124031009,0.4516129032258065,0.46153846153846156,0.05459770114942528,0.03225806451612903,0.08045977011494253
405,1,Support/Utility Player,3,1.004878048780488,0.3492063492063492,0.5454545454545454,0.06785714285714287,0.037037037037037035,0.10714285714285716
407,0,Passive/Low Impact,2,0.5607142857142857,0.28089887640449435,0.37037037037037035,0.04551920341394025,0.018726591760299623,0.03982930298719772
409,2,Balanced Aggressor,0,1.2351219512195122,0.46390188392970033,0.486404833836858,0.13123844731977818,0.005816158806423063,0.029901054691747312
413,0,Passive/Low Impact,2,0.8328767123287671,0.3095238095238095,0.3888888888888889,0.057777777777777775,0.03571428571428571,0.04888888888888889
416,2,Balanced Aggressor,1,1.2983526540573522,0.39079438421894436,0.49382716049382713,0.12152614225153086,0.02658889327871669,0.06390328151986183
417,2,Balanced Aggressor,1,1.2071005917159763,0.37444558171272607,0.4740484429065744,0.08162996175656073,0.018423746161719552,0.047078992483186075
419,1,Support/Utility Player,3,0.8002581477896096,0.4158302919708029,0.5645161290322581,0.048354935194416755,0.05885036496350365,0.05072283150548355
420,2,Balanced Aggressor,1,1.181019332161687,0.418945963975984,0.47019867549668876,0.11512990320937341,0.029686457638425617,0.07233825776872135
421,0,Passive/Low Impact,1,0.9675925925925924,0.3807106598984772,0.3,0.08754208754208755,0.005076142131979696,0.0808080808080808
422,0,Passive/Low Impact,3,0.8868370195404769,0.26246372988657346,0.32945736434108525,0.07007874015748032,0.03218148245845423,0.0836220472440945
424,3,Dominant Fragger,0,1.4687819856704198,0.372257053291536,0.7962962962962963,0.16053019145802652,0.014106583072100312,0.05522827687776141
425,2,Balanced Aggressor,1,1.0711974110032363,0.31333333333333335,0.4375,0.09873417721518987,0.016666666666666666,0.04050632911392405
426,2,Balanced Aggressor,1,1.0943113772455089,0.4161290322580645,0.5,0.1003344481605351,0.027419354838709678,0.06131549609810479
427,2,Balanced Aggressor,1,1.2186379928315412,0.5016523463317911,0.3625,0.10894141829393628,0.023132848645076007,0.04573484069886948
428,0,Passive/Low Impact,1,0.9926357778459649,0.375366568914956,0.4662576687116564,0.060447080291970795,0.03262463343108504,0.06432481751824819
429,3,Dominant Fragger,0,1.4746503496503496,0.4230263157894737,0.5636363636363636,0.14653465346534653,0.005263157894736842,0.05214521452145214
430,0,Passive/Low Impact,2,1.174468085106383,0.29220779220779225,0.391304347826087,0.06856187290969899,0.021645021645021648,0.07692307692307693
431,2,Balanced Aggressor,1,1.0290350128095644,0.3837824831568816,0.44782608695652176,0.0869780491830335,0.027670837343599614,0.05826043901633934
432,3,Dominant Fragger,0,1.5603536212172733,0.35563636363636364,0.46710526315789475,0.125945179584121,0.025696969696969694,0.07396030245746692
435,2,Balanced Aggressor,2,1.0351239669421488,0.3356643356643357,0.5,0.08695652173913045,0.018648018648018648,0.035426731078905
437,2,Balanced Aggressor,0,1.1221020092735703,0.3950945164817997,0.4875,0.13640695735048844,0.01676853979026592,0.058017631641648804
438,0,Passive/Low Impact,3,0.7922606924643586,0.4530386740331491,0.16666666666666666,0.06200317965023848,0.08287292817679558,0.02384737678855326
439,1,Support/Utility Player,3,1.3100978096156495,0.4111216730038023,0.4756756756756757,0.1151100834422439,0.0281606463878327,0.09198753392982809
440,1,Support/Utility Player,0,1.1176843439678852,0.4610625133347557,0.5251141552511416,0.10977814297452752,0.04139108171538297,0.06228430566967954
443,1,Support/Utility Player,3,1.2842377260981912,0.37383177570093457,0.5714285714285714,0.1131725417439703,0.02336448598130841,0.10018552875695731
444,0,Passive/Low Impact,2,0.9773013871374527,0.40795287187039764,0.3333333333333333,0.07971745711402624,0.03829160530191458,0.03632694248234107
446,1,Support/Utility Player,3,1.2345679012345678,0.3801039346696362,0.4846153846153846,0.08757870635374929,0.032665181885671864,0.08528906697195193
448,0,Passive/Low Impact,2,0.8618843683083511,0.30691642651296835,0.3829787234042553,0.09052092228864218,0.01440922190201729,0.08368915456874465
450,2,Balanced Aggressor,0,1.3452380952380953,0.4353518821603928,0.38461538461538464,0.1263001485884101,0.009819967266775777,0.054977711738484404
451,2,Balanced Aggressor,1,1.107854630715123,0.4458823529411765,0.4634146341463415,0.10497237569060773,0.01647058823529412,0.08011049723756906
452,2,Balanced Aggressor,1,1.114672008012018,0.33873417721518984,0.47368421052631576,0.10850556438791734,0.016202531645569618,0.03616852146263911
453,1,Support/Utility Player,3,1.2511682242990654,0.3257080610021787,0.5111111111111111,0.0813859790491539,0.06753812636165578,0.057211925866236905
454,1,Support/Utility Player,1,1.0770962296004503,0.3680851063829787,0.4860335195530726,0.08866371120962635,0.026139817629179333,0.07261980156217016
456,0,Passive/Low Impact,3,0.39999999999999997,0.26143790849673204,0.2727272727272727,0.013108614232209737,0.026143790849673203,0.09176029962546815
457,2,Balanced Aggressor,1,1.0263691683569982,0.37411764705882355,0.56,0.1033434650455927,0.011764705882352941,0.02735562310030395
459,3,Dominant Fragger,3,1.245353159851301,0.45751633986928103,0.8125,0.08860759493670886,0.016339869281045753,0.09620253164556962
461,2,Balanced Aggressor,0,1.1751152073732718,0.3973214285714286,0.5909090909090909,0.12433392539964476,0.015625,0.03019538188277087
462,2,Balanced Aggressor,0,1.40625,0.3338709677419355,0.5365853658536586,0.11023255813953488,0.02956989247311828,0.041860465116279076
463,3,Dominant Fragger,0,1.4223107569721116,0.4921135646687697,0.42857142857142855,0.13404825737265416,0.0031545741324921135,0.04289544235924933
465,2,Balanced Aggressor,0,1.091920086605649,0.47753427399179427,0.45397489539748953,0.12380425330065618,0.03072150505353748,0.0448256779192031
466,2,Balanced Aggressor,2,1.0340958135520069,0.4281742354031511,0.3821138211382114,0.09331103678929765,0.025486561631139947,0.03311036789297659
467,3,Dominant Fragger,0,1.42862203329791,0.34925540882270306,0.5177304964539007,0.14431106471816285,0.032543250511780995,0.056628392484342385
470,0,Passive/Low Impact,2,0.8489208633093525,0.3247126436781609,0.4583333333333333,0.05181747873163186,0.0014367816091954023,0.06805877803557618
471,2,Balanced Aggressor,1,1.0715287517531558,0.404040404040404,0.4411764705882353,0.11363636363636365,0.030303030303030304,0.06060606060606061
473,1,Support/Utility Player,0,1.2134328358208955,0.46941489361702127,0.5466666666666666,0.08625196027182436,0.0339095744680851,0.06952430737062205
474,1,Support/Utility Player,1,1.0893590797041908,0.3986292283882379,0.46473029045643155,0.09701722017220173,0.03219194487434593,0.07226322263222631
476,2,Balanced Aggressor,0,1.3174603174603174,0.3452115812917595,0.65,0.10922787193973633,0.0044543429844098,0.03389830508474576
477,2,Balanced Aggressor,1,1.0106382978723403,0.3356164383561644,0.46788990825688076,0.10777027027027027,0.016634050880626226,0.03851351351351351
478,2,Balanced Aggressor,2,1.170520231213873,0.2804005722460658,0.53125,0.09540636042402827,0.010337348285569247,0.05182567726737338
479,3,Dominant Fragger,0,1.4884653961885657,0.3929098966026588,0.603448275862069,0.13671061762664816,0.012555391432791727,0.06870229007633588
480,1,Support/Utility Player,1,1.2303206997084548,0.2740112994350283,0.4444444444444444,0.09873949579831934,0.016949152542372878,0.09453781512605043
481,2,Balanced Aggressor,1,0.9901685393258429,0.44833333333333336,0.48484848484848486,0.09172259507829977,0.04666666666666666,0.04362416107382551
484,2,Balanced Aggressor,1,1.0040106951871657,0.3,0.5526315789473685,0.08387799564270151,0.0031122031122031123,0.0261437908496732
487,2,Balanced Aggressor,1,1.0882352941176472,0.41050583657587547,0.4666666666666667,0.10679611650485438,0.0311284046692607,0.0651872399445215
488,1,Support/Utility Player,1,1.0588042049934296,0.4341252699784018,0.5714285714285714,0.08570041272153435,0.034197264218862496,0.06894877397426559
489,2,Balanced Aggressor,1,1.0201567749160134,0.34519572953736655,0.3695652173913043,0.14021830394626367,0.020614208514564386,0.030226700251889168
492,0,Passive/Low Impact,2,0.8836565096952909,0.3191489361702127,0.5333333333333333,0.05240174672489083,0.02127659574468085,0.06331877729257643
496,2,Balanced Aggressor,0,1.1151515151515152,0.3906685236768802,0.5866666666666667,0.1126401630988787,0.013927576601671307,0.03363914373088685
501,0,Passive/Low Impact,2,1.0356294536817103,0.2801047120418848,0.3333333333333333,0.0842911877394636,0.005235602094240838,0.05747126436781609
502,2,Balanced Aggressor,0,1.0475095785440613,0.5028586986114892,0.483695652173913,0.11412032251395493,0.03175439144607154,0.037213148645854864
503,1,Support/Utility Player,3,1.1290322580645162,0.3555240793201133,0.5769230769230769,0.08292682926829267,0.03541076487252125,0.06780487804878049
504,1,Support/Utility Player,0,1.2010405053883313,0.42656142759094035,0.539568345323741,0.09129511677282379,0.02132079199683867,0.08014861995753716
507,1,Support/Utility Player,3,1.0351966873706004,0.30495356037151705,0.5416666666666666,0.08987012987012986,0.05804953560371518,0.04987012987012987
509,0,Passive/Low Impact,2,0.66,0.2838827838827839,0.5531914893617021,0.029295328582739512,0.018315018315018316,0.05304829770387965
510,2,Balanced Aggressor,1,1.0984848484848484,0.4104781281790437,0.5742574257425742,0.0867579908675799,0.01627670396744659,0.045662100456620995
511,3,Dominant Fragger,0,1.3732154996600952,0.4133635334088335,0.6133333333333333,0.12512266928361138,0.020951302378255945,0.05397448478900884
514,0,Passive/Low Impact,2,0.7688266199649737,0.3282828282828283,0.24242424242424243,0.11730205278592375,0.010101010101010102,0.019061583577712607
515,2,Balanced Aggressor,2,1.169398907103825,0.3174603174603175,0.5333333333333333,0.07891332470892626,0.0035273368606701942,0.08020698576972835
517,0,Passive/Low Impact,2,1.014018691588785,0.2906666666666667,0.4,0.10076045627376425,0.013333333333333334,0.051330798479087454
518,0,Passive/Low Impact,2,1.1149567367119901,0.24489795918367346,0.4418604651162791,0.08146067415730336,0.01403061224489796,0.07677902621722846
519,2,Balanced Aggressor,2,1.0776550030693677,0.2759526938239159,0.47770700636942676,0.09982259018332347,0.03104467805519054,0.048846836191602606
520,1,Support/Utility Player,3,1.0500104188372579,0.29814359203757546,0.4745098039215686,0.08204057279236276,0.034891523149183624,0.10590692124105013
521,1,Support/Utility Player,3,1.1586206896551725,0.5394021739130435,0.42105263157894735,0.06431535269709543,0.05570652173913044,0.12344398340248962
523,2,Balanced Aggressor,1,1.3382418563141454,0.35733333333333334,0.5083333333333333,0.0988543371522095,0.013445378151260505,0.049754500818330605
524,3,Dominant Fragger,0,1.318796992481203,0.6307692307692307,0.6875,0.1696113074204947,0.002564102564102564,0.024734982332155476
526,0,Passive/Low Impact,2,0.7460611677479148,0.3213728549141966,0.5102040816326531,0.04175665946724262,0.020280811232449302,0.04679625629949604
528,2,Balanced Aggressor,1,1.1510015408320495,0.40721262208865516,0.43548387096774194,0.12374185908821789,0.047332832456799395,0.0438129070455891
530,2,Balanced Aggressor,2,0.8717434869739478,0.42780748663101603,0.391304347826087,0.09492635024549918,0.03208556149732621,0.034369885433715226
531,1,Support/Utility Player,3,1.0996677740863787,0.2737226277372263,0.6875,0.058823529411764705,0.04744525547445255,0.0661764705882353
532,2,Balanced Aggressor,1,1.2076923076923076,0.31316725978647686,0.6153846153846154,0.08139534883720931,0.024911032028469747,0.03197674418604652
534,2,Balanced Aggressor,0,1.1332813717848793,0.42236024844720493,0.4027777777777778,0.11289398280802293,0.02562111801242236,0.04813753581661891
535,2,Balanced Aggressor,1,1.0846153846153845,0.37083811710677383,0.40476190476190477,0.08967851099830795,0.026406429391504022,0.05752961082910322
536,1,Support/Utility Player,3,1.27751756440281,0.4124236252545825,0.4375,0.0713101160862355,0.022403258655804482,0.08789386401326699
537,2,Balanced Aggressor,2,0.9882903981264638,0.2950391644908616,0.4166666666666667,0.11481481481481483,0.018276762402088774,0.04629629629629629
538,0,Passive/Low Impact,1,0.9818840579710144,0.3786008230452675,0.3333333333333333,0.08670520231213873,0.008230452674897118,0.07225433526011561
539,2,Balanced Aggressor,0,1.256578947368421,0.37425742574257426,0.5217391304347826,0.13614262560777957,0.021782178217821784,0.0453808752025932
541,1,Support/Utility Player,3,0.9821858449687049,0.35764573359617013,0.48325358851674644,0.0662913185615692,0.02787947057166995,0.09480566654558663
542,2,Balanced Aggressor,1,1.1300268096514745,0.2653333333333333,0.34146341463414637,0.11710794297352341,0.03066666666666667,0.04073319755600814
543,3,Dominant Fragger,0,1.5303203661327232,0.36649659863945583,0.6868686868686869,0.15363881401617252,0.023809523809523808,0.0797073546399692
544,0,Passive/Low Impact,2,0.8164277839029768,0.3254931714719272,0.5060240963855421,0.08047016274864376,0.009983715163403531,0.028933092224231464
546,1,Support/Utility Player,3,0.9440433212996389,0.3581932773109244,0.45454545454545453,0.09474412171507607,0.027816682228446934,0.08298755186721991
549,0,Passive/Low Impact,2,0.7094499294781382,0.27951807228915665,0.3235294117647059,0.06141367323290846,0.02168674698795181,0.03707995365005794
551,1,Support/Utility Player,3,1.0889370932754878,0.35604395604395606,0.4,0.0733652312599681,0.03296703296703297,0.11802232854864435
552,3,Dominant Fragger,0,1.6991404011461317,0.36143667296786386,0.801980198019802,0.15675880348352897,0.018147448015122872,0.03748580083301779
553,3,Dominant Fragger,0,1.4196496572734196,0.4144631410256411,0.4494949494949495,0.13726591760299625,0.023437500000000003,0.04850187265917603
554,3,Dominant Fragger,1,1.3370264474624733,0.39600641305932077,0.4879725085910653,0.12164975279729379,0.039061361317592184,0.07285974499089254
556,2,Balanced Aggressor,1,1.1495535714285716,0.32394711067580806,0.46634615384615385,0.10492816875795599,0.01248775710088149,0.07310420076377522
557,0,Passive/Low Impact,2,1.0432098765432098,0.3398285268901013,0.5068493150684932,0.06963350785340314,0.017926734216679653,0.050785340314136125
559,1,Support/Utility Player,0,1.2585812356979404,0.5143769968051118,0.5454545454545454,0.09067796610169492,0.051118210862619806,0.059322033898305086
561,2,Balanced Aggressor,2,1.1169398907103827,0.3191489361702127,0.4835164835164835,0.09752133279154815,0.004479283314669653,0.061357171881349044
563,3,Dominant Fragger,0,1.638755980861244,0.35524193548387095,0.5555555555555556,0.16717325227963525,0.027016129032258064,0.06382978723404255
564,1,Support/Utility Player,1,1.3510074231177094,0.2728937728937729,0.45714285714285713,0.11491628614916286,0.01282051282051282,0.09474885844748858
565,1,Support/Utility Player,3,1.1800666913671731,0.34095445472690983,0.49809885931558934,0.08045664582767056,0.021048811467973143,0.08466974721391682
566,2,Balanced Aggressor,1,1.2045977011494253,0.4276729559748428,0.4782608695652174,0.10474631751227495,0.025157232704402514,0.07201309328968904
567,1,Support/Utility Player,3,1.0341009743135516,0.4709388971684054,0.43103448275862066,0.07644962747003563,0.07054148037754596,0.05021056041464205
568,0,Passive/Low Impact,2,0.6099210822998873,0.35384615384615387,0.425,0.04462659380692168,0.046153846153846156,0.04553734061930784
570,1,Support/Utility Player,1,1.1642725598526702,0.37708484408992027,0.49295774647887325,0.06640625,0.022842639593908632,0.06796875
571,1,Support/Utility Player,0,1.4306167400881058,0.27249789739276703,0.5892857142857143,0.10263720598717037,0.044575273338940284,0.09194583036350679
572,3,Dominant Fragger,0,1.481832543443918,0.27705112960760997,0.6333333333333333,0.16489988221436985,0.011890606420927466,0.048292108362779744
573,2,Balanced Aggressor,1,1.052186773716459,0.24391343552750225,0.46311475409836067,0.13565891472868216,0.031109107303877365,0.048449612403100764
574,3,Dominant Fragger,0,1.2871003658342612,0.44961664841182913,0.5222929936305732,0.12277019937040923,0.039019715224534506,0.0696047569080098
575,1,Support/Utility Player,3,1.1456483126110122,0.4379391100702576,0.4782608695652174,0.09601769911504425,0.02576112412177986,0.09690265486725662
576,2,Balanced Aggressor,1,1.1586648376771833,0.3414744459520579,0.49074074074074076,0.10601915184678523,0.023066485753052916,0.07352941176470588
577,1,Support/Utility Player,0,1.3523102310231023,0.32055749128919864,0.5757575757575758,0.1032917139614075,0.018815331010452963,0.07888762769580022
578,0,Passive/Low Impact,2,0.7938931297709922,0.3244274809160306,0.47368421052631576,0.054,0.022900763358778626,0.04
581,3,Dominant Fragger,0,1.4757281553398058,0.19924812030075187,0.7272727272727273,0.1413793103448276,0.0037593984962406013,0.017241379310344827
582,1,Support/Utility Player,3,1.0391363022941968,0.40322580645161293,0.6153846153846154,0.06015037593984962,0.011730205278592375,0.09210526315789473
584,3,Dominant Fragger,0,1.4019292604501608,0.45006321112515807,0.6451612903225806,0.11878787878787878,0.0632111251580278,0.052121212121212124
585,2,Balanced Aggressor,0,1.4613056636402941,0.45370978332239004,0.34513274336283184,0.13519972686923865,0.011818778726198293,0.020826220553089796
586,0,Passive/Low Impact,1,0.9431349440188567,0.39235127478753545,0.4636363636363636,0.06927053417576107,0.03009915014164306,0.06444572085008615
589,3,Dominant Fragger,0,1.6587301587301586,0.34420289855072467,0.5909090909090909,0.10307414104882459,0.03260869565217392,0.0705244122965642
590,0,Passive/Low Impact,2,0.9598765432098765,0.30960854092526685,0.17647058823529413,0.06265060240963856,0.003558718861209964,0.050602409638554224
591,2,Balanced Aggressor,1,1.2098017621145376,0.32018209408194237,0.4888888888888889,0.10357142857142856,0.025796661608497726,0.06071428571428572
594,0,Passive/Low Impact,2,0.9616613418530351,0.3745173745173745,0.5625,0.06378132118451026,0.03088803088803089,0.04328018223234624
595,1,Support/Utility Player,1,1.057942057942058,0.3705752212389381,0.5,0.08434650455927052,0.02765486725663717,0.06382978723404256
596,2,Balanced Aggressor,1,1.1772950245269798,0.3796423658872077,0.41025641025641024,0.08261091279959205,0.0171939477303989,0.0601733809280979
597,0,Passive/Low Impact,2,1.0546034276604226,0.28169642857142857,0.41732283464566927,0.07955596669750231,0.022321428571428572,0.08603145235892692
599,2,Balanced Aggressor,1,1.0097402597402598,0.44401544401544396,0.14285714285714285,0.11813186813186814,0.007722007722007721,0.03296703296703297
600,2,Balanced Aggressor,0,1.2918241965973536,0.4283367556468172,0.4716981132075472,0.11757359500446031,0.022792607802874745,0.051561106155218556
601,1,Support/Utility Player,3,1.1950651769087524,0.3512343005630143,0.4878048780487805,0.07291343468817872,0.04977671122975669,0.10921501706484642
602,2,Balanced Aggressor,3,1.2431372549019606,0.38970588235294124,0.43243243243243246,0.09187620889748549,0.019607843137254905,0.07446808510638298
603,0,Passive/Low Impact,2,0.8008130081300813,0.33590733590733585,0.2894736842105263,0.08493771234428085,0.009652509652509652,0.028312570781426957
605,0,Passive/Low Impact,3,0.8662576687116563,0.3142410015649452,0.43902439024390244,0.0708215297450425,0.053208137715179966,0.07195467422096317
606,3,Dominant Fragger,1,1.2544012381505127,0.47782571182053496,0.408,0.13281479307308483,0.04469370146678171,0.06310537129439389
609,3,Dominant Fragger,0,1.300462249614792,0.4932225623087014,0.5436893203883495,0.10582204320761626,0.02929602098819414,0.040278286341999266
611,1,Support/Utility Player,1,1.1849710982658959,0.39673527324343505,0.4752475247524752,0.10426898375519457,0.04234681807428436,0.05666792595391009
612,3,Dominant Fragger,0,1.5634782608695652,0.4987864077669903,0.5384615384615384,0.20105820105820105,0.014563106796116505,0.051587301587301584
613,1,Support/Utility Player,3,0.794921875,0.3353474320241692,0.64,0.05154639175257732,0.012084592145015106,0.12371134020618556
614,1,Support/Utility Player,3,1.1413127413127415,0.3083067092651757,0.47761194029850745,0.06936736958934517,0.04153354632587859,0.06548279689234184
617,1,Support/Utility Player,2,1.2684237461617196,0.34418189924208653,0.42660550458715596,0.06411367180731242,0.030316540347748555,0.06827239646508404
618,1,Support/Utility Player,0,1.4333333333333333,0.3156966490299824,0.5769230769230769,0.09636650868878358,0.026455026455026454,0.08372827804107424
620,1,Support/Utility Player,3,0.8113879003558719,0.3928571428571429,0.5384615384615384,0.030898876404494385,0.03571428571428571,0.07865168539325842
621,3,Dominant Fragger,0,1.2560287326834272,0.48432530667878243,0.5656565656565656,0.09628506444275967,0.022262607905497504,0.08718726307808945
623,2,Balanced Aggressor,1,1.0924528301886793,0.36660117878192533,0.4765625,0.08814944541739637,0.015717092337917484,0.06275539988324577
624,2,Balanced Aggressor,1,1.1031518624641834,0.3569230769230769,0.5740740740740741,0.09629101283880172,0.03179487179487179,0.049215406562054205
626,1,Support/Utility Player,1,1.1066235864297254,0.3396551724137931,0.625,0.09595375722543352,0.020689655172413793,0.08323699421965318
627,2,Balanced Aggressor,1,1.02200488997555,0.44241573033707865,0.55,0.08500477554918816,0.016853932584269662,0.06590257879656161
628,2,Balanced Aggressor,1,1.2639593908629443,0.4549763033175356,0.5,0.05714285714285714,0.023696682464454978,0.04642857142857143
629,1,Support/Utility Player,0,1.2125056637970095,0.44658944658944666,0.5304347826086957,0.08818690358670615,0.032175032175032175,0.06515301085883514
630,1,Support/Utility Player,3,1.0209660297239913,0.41064981949458484,0.4782608695652174,0.08437067773167359,0.04843561973525873,0.07132977672396759
631,2,Balanced Aggressor,1,1.1490057890762648,0.3660114456332421,0.46601941747572817,0.10584547298543241,0.029111719333167453,0.06177392587128896
632,1,Support/Utility Player,3,1.19750656167979,0.36386931454196025,0.4473684210526316,0.07003334921391138,0.04292120435618193,0.07336827060505002
633,1,Support/Utility Player,3,1.2895752895752897,0.25418060200668896,0.5,0.09065155807365438,0.030100334448160532,0.0708215297450425
634,1,Support/Utility Player,3,0.9863945578231292,0.351421188630491,0.45454545454545453,0.1043956043956044,0.041343669250646,0.06776556776556777
636,2,Balanced Aggressor,1,1.0980392156862744,0.3358433734939759,0.5277777777777778,0.08898305084745764,0.009036144578313253,0.028601694915254237
637,1,Support/Utility Player,3,1.0595911265767726,0.4224824355971897,0.5,0.09183673469387756,0.06393442622950819,0.033527696793002916
638,0,Passive/Low Impact,3,0.8814159292035398,0.3391304347826087,0.4074074074074074,0.07323568575233023,0.028260869565217388,0.08521970705725701
640,1,Support/Utility Player,3,1.0909950366343655,0.31940667490729296,0.45089285714285715,0.0793351610692255,0.05241038318912237,0.0654557916381083
642,0,Passive/Low Impact,3,1.0789237668161433,0.2656688493919551,0.40350877192982454,0.08692767086927672,0.034611786716557534,0.07631055076310551
643,1,Support/Utility Player,3,1.2151277013752457,0.405449237755433,0.5273972602739726,0.1149765605724155,0.06195264352903016,0.058228472736244756
644,3,Dominant Fragger,0,1.6591820368885326,0.3952380952380952,0.5857142857142857,0.10264550264550264,0.028571428571428574,0.08253968253968254
645,0,Passive/Low Impact,2,0.6470588235294118,0.33,0.5555555555555556,0.03571428571428571,0.015,0.07142857142857142
648,2,Balanced Aggressor,2,1.112179487179487,0.38031914893617025,0.3918918918918919,0.09464027040077257,0.03191489361702128,0.04152583293095123
649,0,Passive/Low Impact,2,0.8975069252077562,0.32932469935245146,0.45454545454545453,0.05712788259958071,0.043113101903695404,0.06341719077568134
651,2,Balanced Aggressor,2,1.150684931506849,0.3273542600896861,0.5652173913043478,0.059677419354838716,0.006726457399103139,0.048387096774193554
652,2,Balanced Aggressor,2,1.036790780141844,0.30048780487804877,0.4336283185840708,0.10433037953519478,0.017317073170731705,0.05835144624644708
653,2,Balanced Aggressor,1,1.0930587337909992,0.37905844155844154,0.39705882352941174,0.10591715976331362,0.03165584415584415,0.06390532544378699
656,2,Balanced Aggressor,1,1.0893854748603353,0.46285714285714286,0.3157894736842105,0.0979955456570156,0.014285714285714284,0.0400890868596882
658,2,Balanced Aggressor,1,1.1937254901960785,0.410566037735849,0.4262295081967213,0.12134146341463414,0.013584905660377357,0.07621951219512195
659,1,Support/Utility Player,3,1.0106022052586938,0.34378109452736316,0.4672131147540984,0.07335662114957128,0.049253731343283584,0.05906637027627819
660,2,Balanced Aggressor,0,1.1373134328358208,0.4498269896193772,0.5294117647058824,0.11277632071937055,0.02965892239248641,0.04645934807043837
663,2,Balanced Aggressor,1,1.180851063829787,0.4365482233502538,0.5,0.09803921568627451,0.025380710659898477,0.07058823529411765
664,1,Support/Utility Player,3,0.9263271939328277,0.3758344459279039,0.4583333333333333,0.06537242472266244,0.02870493991989319,0.08478605388272582
665,3,Dominant Fragger,1,1.4182839632277835,0.39657233957752097,0.4742268041237113,0.13685789276340457,0.049422080510163405,0.07949006374203225
669,2,Balanced Aggressor,1,1.1373801916932909,0.2987012987012987,0.3888888888888889,0.09511568123393316,0.016233766233766236,0.017994858611825194
674,2,Balanced Aggressor,0,1.0887489264242771,0.40106215578284815,0.439453125,0.12017490952955368,0.020357985837922896,0.03664053075995175
675,0,Passive/Low Impact,2,1.004739336492891,0.27608695652173915,0.38461538461538464,0.09492273730684328,0.023913043478260867,0.06033848417954378
676,1,Support/Utility Player,1,1.139475908706678,0.4295035460992908,0.5251396648044693,0.10414954806902219,0.04141843971631206,0.07559572719802794
678,0,Passive/Low Impact,3,0.8784119106699753,0.34576271186440677,0.45569620253164556,0.08267326732673268,0.05254237288135593,0.04108910891089109
679,3,Dominant Fragger,0,1.6201651455888744,0.41308493472201846,0.5062240663900415,0.14865689865689866,0.02933841865923427,0.07371794871794872
681,0,Passive/Low Impact,2,0.9409652971679299,0.2978260869565217,0.35789473684210527,0.05918810040285095,0.02133088385384772,0.03889061047412458
682,3,Dominant Fragger,0,1.4461279461279462,0.4838649155722327,0.5922330097087378,0.1290832455216017,0.04821763602251407,0.09027046013347384
683,2,Balanced Aggressor,0,1.3319999999999999,0.35034013605442177,0.42857142857142855,0.13946587537091987,0.003401360544217687,0.05637982195845697
684,0,Passive/Low Impact,3,0.9174222004410683,0.3246753246753247,0.5175879396984925,0.07027225901398086,0.03835699184536394,0.06070640176600441
685,3,Dominant Fragger,0,1.1996404779528391,0.4982918006430868,0.5707762557077626,0.14191091240271567,0.050140675241157555,0.03477396920019871
688,2,Balanced Aggressor,1,1.0069520673252836,0.3710078805474906,0.45149253731343286,0.08976333846800166,0.021440432971850304,0.040050413107407916
689,2,Balanced Aggressor,1,1.1566951566951569,0.3071324599708879,0.5428571428571428,0.104638619201726,0.02328966521106259,0.05501618122977346
690,0,Passive/Low Impact,2,1.1408717624763107,0.24341279799247179,0.3711340206185567,0.06988277727682597,0.0150564617314931,0.05725879170423805
692,2,Balanced Aggressor,1,1.263231197771588,0.3878865979381443,0.5,0.12710084033613447,0.027061855670103094,0.05462184873949581
693,2,Balanced Aggressor,0,1.0729942540966162,0.44895229603209985,0.4890829694323144,0.10601343601507456,0.017610343290236294,0.053744060298213985
695,3,Dominant Fragger,0,1.314176245210728,0.3288135593220339,0.6428571428571429,0.13636363636363635,0.04067796610169491,0.05965909090909091
696,2,Balanced Aggressor,0,1.3904761904761906,0.47040971168437024,0.4444444444444444,0.09577464788732394,0.0212443095599393,0.059154929577464786
698,3,Dominant Fragger,0,1.5708699902248289,0.4420836189170665,0.5964912280701754,0.10776439089692101,0.047292666209732694,0.06626506024096385
699,2,Balanced Aggressor,0,1.2143364718422456,0.44894323426998134,0.5480943738656987,0.1127384196185286,0.026690273043823935,0.04495912806539509
703,3,Dominant Fragger,0,1.1745773069871666,0.4566095824514143,0.5495867768595041,0.11506469500924214,0.041947277275351164,0.05745532963647566
705,1,Support/Utility Player,3,0.9825581395348837,0.47295918367346945,0.4727272727272727,0.05927152317880795,0.015306122448979591,0.11589403973509933
708,1,Support/Utility Player,3,1.196,0.3280632411067194,0.6923076923076923,0.08645533141210374,0.03952569169960475,0.037463976945244955
709,1,Support/Utility Player,3,1.1011097410604191,0.3702046035805626,0.48295454545454547,0.07110438729198185,0.050831202046035806,0.08709747136373461
710,3,Dominant Fragger,0,1.6226190476190474,0.41205615194054507,0.58,0.10608552631578948,0.018992568125516106,0.06661184210526316
711,2,Balanced Aggressor,2,1.0078459343794581,0.381294964028777,0.4868421052631579,0.06203208556149733,0.008792965627498003,0.032620320855614976
713,2,Balanced Aggressor,0,1.1825163962720056,0.33605947955390336,0.491588785046729,0.1569209527096997,0.017380690493760124,0.03997238522609596
718,2,Balanced Aggressor,1,1.1934452438049563,0.39083969465648855,0.5348837209302325,0.08760186263096624,0.013358778625954196,0.05442374854481955
719,1,Support/Utility Player,1,1.13738959764475,0.37048503611971106,0.5,0.10124724871606748,0.029927760577915376,0.07336757153338225
720,2,Balanced Aggressor,1,1.0986301369863014,0.35492957746478876,0.3888888888888889,0.13829787234042554,0.03380281690140845,0.04893617021276595
726,2,Balanced Aggressor,0,1.1354723707664882,0.3977474807350327,0.43037974683544306,0.14035939776590578,0.008891523414344992,0.04225352112676057
728,1,Support/Utility Player,3,1.3216305372290293,0.4375363160952935,0.47639484978540775,0.06665590703679793,0.024615709682531295,0.08812136862491929
729,2,Balanced Aggressor,1,1.1483679525222552,0.2662889518413598,0.3333333333333333,0.14055299539170507,0.0,0.04377880184331798
730,0,Passive/Low Impact,2,0.8674832962138086,0.24780058651026393,0.30612244897959184,0.07552083333333333,0.030791788856304982,0.05295138888888889
731,1,Support/Utility Player,1,1.075229357798165,0.3751678853902403,0.4700854700854701,0.07379082265398924,0.03402477242202657,0.062422488631665975
735,0,Passive/Low Impact,1,1.1407867494824018,0.3329918032786885,0.3673469387755102,0.08307926829268292,0.009221311475409836,0.05945121951219512
737,2,Balanced Aggressor,1,1.159927140255009,0.40214285714285714,0.42142857142857143,0.10567995630802839,0.014642857142857143,0.05215729109776079
740,1,Support/Utility Player,3,1.0,0.36468330134357,0.6428571428571429,0.08839050131926121,0.05950095969289827,0.04881266490765171
742,2,Balanced Aggressor,2,0.9761816151842204,0.29778581111613195,0.488,0.10526315789473684,0.0072300045187528245,0.06918982850384388
743,0,Passive/Low Impact,1,1.0985533453887883,0.35307727903748265,0.46956521739130436,0.07065395990798555,0.021939972559812303,0.066053236937233
744,0,Passive/Low Impact,2,1.1036906854130053,0.35172413793103446,0.28125,0.07894736842105263,0.03793103448275862,0.05124653739612189
746,0,Passive/Low Impact,2,0.9834710743801652,0.30386740331491713,0.5434782608695652,0.05195843325339729,0.019337016574585635,0.0759392486011191
747,2,Balanced Aggressor,2,1.0181430096051225,0.3136094674556213,0.4318181818181818,0.1111111111111111,0.001183431952662722,0.045454545454545456
748,2,Balanced Aggressor,1,1.1041740991794506,0.37664748468535364,0.46953405017921146,0.12300837159060221,0.016335622795619082,0.07223872535781799
749,1,Support/Utility Player,3,1.2559867877786954,0.38130563798219586,0.5303030303030303,0.09615384615384615,0.024480712166172106,0.09332579185520362
751,2,Balanced Aggressor,1,1.0272727272727273,0.40769230769230774,0.5909090909090909,0.07381370826010546,0.015384615384615384,0.054481546572934976
753,2,Balanced Aggressor,2,1.1437308868501528,0.29685916919959476,0.4807692307692308,0.08307926829268293,0.01519756838905775,0.056402439024390245
754,2,Balanced Aggressor,1,1.062780269058296,0.35384615384615387,0.6363636363636364,0.054313099041533544,0.015384615384615384,0.04153354632587859
756,1,Support/Utility Player,3,1.2938144329896908,0.3711495116453794,0.640625,0.06538237011091652,0.03906836964688205,0.08114419147694103
757,2,Balanced Aggressor,1,1.0983139396817858,0.3970120009796718,0.42727272727272725,0.08116144831205176,0.021797697771246634,0.0673430120692671
758,0,Passive/Low Impact,2,0.7963302752293578,0.3183023872679045,0.4444444444444444,0.03953147877013177,0.007957559681697611,0.07906295754026355
759,3,Dominant Fragger,3,1.414330218068536,0.34900990099009904,0.5555555555555556,0.12814645308924486,0.012376237623762377,0.10755148741418764
761,2,Balanced Aggressor,1,1.1725784447476126,0.34134298880842656,0.5620915032679739,0.08647175421209118,0.02106649111257406,0.04583746283448959
763,2,Balanced Aggressor,1,0.970326409495549,0.4232081911262799,0.4444444444444444,0.10619469026548672,0.0477815699658703,0.05088495575221239
764,2,Balanced Aggressor,1,1.1245283018867926,0.35294117647058826,0.46153846153846156,0.11209439528023599,0.014705882352941176,0.08259587020648967
766,3,Dominant Fragger,0,1.592156862745098,0.388268156424581,0.6875,0.11989795918367346,0.0111731843575419,0.05357142857142857
767,0,Passive/Low Impact,2,0.7527173913043478,0.36363636363636365,0.3125,0.07865168539325842,0.0371900826446281,0.0853932584269663
770,3,Dominant Fragger,0,1.4118325009604304,0.5537367602399822,0.5276752767527675,0.13587764639240954,0.018633420585197742,0.042129859095093106
773,2,Balanced Aggressor,1,1.2950819672131146,0.5304659498207885,0.38461538461538464,0.09337349397590361,0.025089605734767026,0.05421686746987951
774,1,Support/Utility Player,3,1.1412543153049481,0.36856533658239415,0.5280898876404494,0.07865879375790806,0.026956191026878754,0.07697174188106284
775,2,Balanced Aggressor,1,1.1593860684769777,0.3768613974799541,0.43902439024390244,0.12556869881710644,0.017182130584192438,0.0746132848043676
776,2,Balanced Aggressor,1,1.2851899827288429,0.2814814814814815,0.46153846153846156,0.11417069243156198,0.017153996101364522,0.058937198067632854
777,0,Passive/Low Impact,2,0.8036616161616161,0.3380149812734083,0.4050632911392405,0.06781376518218624,0.04213483146067416,0.028340080971659923
780,3,Dominant Fragger,3,1.1664190193164934,0.4676258992805756,0.4857142857142857,0.12637362637362637,0.017266187050359712,0.1032967032967033
782,3,Dominant Fragger,0,1.3478053435114505,0.35641130684145844,0.6976744186046512,0.10796576695194207,0.0070187679229823845,0.02797893350888743
783,2,Balanced Aggressor,1,1.144796380090498,0.3183856502242152,0.5454545454545454,0.09698996655518394,0.008968609865470852,0.06688963210702341
785,2,Balanced Aggressor,0,1.135762357855651,0.5293847566574839,0.43283582089552236,0.12912746725696367,0.029155188246097336,0.059767570558937465
786,3,Dominant Fragger,0,1.4555236728837877,0.37458926615553123,0.5945945945945946,0.15118110236220475,0.031763417305585975,0.041994750656167985
787,0,Passive/Low Impact,2,1.1589958158995814,0.2540983606557377,0.4166666666666667,0.08950617283950617,0.02663934426229508,0.041666666666666664
788,2,Balanced Aggressor,0,1.2477064220183485,0.41379310344827586,0.4666666666666667,0.1354679802955665,0.022988505747126436,0.04187192118226601
789,2,Balanced Aggressor,0,1.121903199343724,0.3716532797858099,0.5121107266435986,0.10884006131834441,0.024598393574297193,0.05365355135411345
790,0,Passive/Low Impact,2,0.6927199642697633,0.29160419790104947,0.3394495412844037,0.04473197781885398,0.014242878560719641,0.06802218114602587
791,3,Dominant Fragger,1,1.4333773879610716,0.382262996941896,0.5472103004291845,0.09725158562367864,0.04374015383189695,0.05570011383964872
792,2,Balanced Aggressor,1,1.1482412060301508,0.29292929292929293,0.43902439024390244,0.09856459330143541,0.007575757575757576,0.03062200956937799
793,2,Balanced Aggressor,0,1.3161269637704394,0.42326075411577263,0.4935897435897436,0.13665480427046264,0.021508231545406268,0.03985765124555161
794,2,Balanced Aggressor,0,1.1004892736168612,0.4102663064453879,0.4117647058823529,0.13432392273402677,0.010034735623311463,0.04606240713224368
796,2,Balanced Aggressor,2,1.14123673618734,0.2824251726784344,0.4676258992805755,0.10596379126730565,0.028012279355333843,0.05670926517571885
797,1,Support/Utility Player,3,0.8981042654028435,0.5119047619047619,0.4,0.08301158301158301,0.0744047619047619,0.03281853281853282
799,2,Balanced Aggressor,1,1.4035206499661477,0.27498619547211484,0.4358974358974359,0.1425012456402591,0.015461071231363886,0.07972097658196313
800,2,Balanced Aggressor,1,1.09840232389252,0.34116331096196867,0.5,0.12264408631521442,0.02403955036318944,0.06118546845124283
802,3,Dominant Fragger,0,1.5266075388026608,0.36616362192216045,0.6122448979591837,0.12708018154311648,0.019062748212867357,0.054462934947049915
803,2,Balanced Aggressor,1,0.972972972972973,0.3625,0.5,0.10534591194968555,0.05,0.026729559748427674
804,0,Passive/Low Impact,2,0.874831157136425,0.33521303258145363,0.5089285714285714,0.05564981336952833,0.03571428571428571,0.03698676620291823
806,2,Balanced Aggressor,1,1.2447513812154696,0.3367609254498715,0.5054945054945055,0.11562370493162039,0.02622107969151671,0.0406133443845835
808,0,Passive/Low Impact,2,0.9640831758034026,0.25565610859728505,0.4583333333333333,0.0784,0.01583710407239819,0.043199999999999995
809,0,Passive/Low Impact,2,0.9951361867704281,0.2566079295154185,0.46,0.09365994236311238,0.024229074889867842,0.06988472622478385
810,1,Support/Utility Player,3,1.0212765957446808,0.3741794310722101,0.5333333333333333,0.07238605898123325,0.024900022636384214,0.09115281501340482
811,1,Support/Utility Player,3,1.299647473560517,0.32318584070796463,0.5323741007194245,0.07023588656241718,0.046371681415929206,0.0686456400742115
815,0,Passive/Low Impact,1,1.0398230088495577,0.4418604651162791,0.25,0.08598726114649681,0.03255813953488372,0.057324840764331204
816,0,Passive/Low Impact,2,1.0453808752025933,0.3345690454124189,0.46774193548387094,0.07180694526191878,0.024096385542168676,0.058269570335491475
817,2,Balanced Aggressor,0,1.107554893933755,0.394919168591224,0.5348837209302325,0.11606367583212736,0.025789068514241727,0.04775687409551375
821,2,Balanced Aggressor,1,1.2273823884197828,0.36731882061173876,0.4909090909090909,0.12119836586472992,0.016257922292642602,0.03631411711302769
823,3,Dominant Fragger,0,1.4046643554995273,0.4548435923309789,0.55625,0.15178363254837957,0.03456104944500504,0.05782233620890651
824,1,Support/Utility Player,1,1.2953257790368273,0.396767307105825,0.5136986301369864,0.11279333838001514,0.0359865812747789,0.08730759525611911
826,1,Support/Utility Player,3,1.253674121405751,0.4054825813820674,0.4166666666666667,0.09811503141614307,0.015419760137064536,0.09231512808119866
828,3,Dominant Fragger,0,1.4164524421593832,0.3698164513936098,0.4915254237288136,0.1162079510703364,0.038069340584636305,0.05259938837920489
829,1,Support/Utility Player,3,1.0091514143094842,0.32460243217960716,0.4576271186440678,0.05793602896801449,0.02712815715622077,0.09293904646952322
830,0,Passive/Low Impact,2,0.9606060606060607,0.2777777777777778,0.5,0.08096280087527351,0.01111111111111111,0.037199124726477024
834,0,Passive/Low Impact,2,0.893258426966292,0.3897058823529412,0.3,0.058823529411764705,0.029411764705882356,0.07692307692307693
837,1,Support/Utility Player,3,1.1222986247544202,0.4087855297157623,0.47058823529411764,0.07462686567164178,0.04237726098191215,0.06432125088841506
838,2,Balanced Aggressor,2,1.1077821011673152,0.22738287560581583,0.4444444444444444,0.11595073595674378,0.024636510500807753,0.05887653950135175
839,3,Dominant Fragger,0,1.3428812131423757,0.4437275985663082,0.6515151515151515,0.08480565371024734,0.017204301075268817,0.08303886925795055
840,2,Balanced Aggressor,0,1.1401433691756273,0.43531044051335416,0.48175182481751827,0.15692821368948245,0.012486992715920917,0.04117974401780746
843,2,Balanced Aggressor,1,0.9729729729729729,0.4712140175219024,0.3793103448275862,0.10404875925119722,0.015644555694618274,0.05050065302568568
844,2,Balanced Aggressor,0,1.1197452229299363,0.3708950418544752,0.5421686746987951,0.11869158878504672,0.028976175144880875,0.05560747663551402
846,0,Passive/Low Impact,2,0.8150537634408602,0.3568,0.4090909090909091,0.061224489795918366,0.0128,0.05944986690328305
847,3,Dominant Fragger,0,1.3233743409490335,0.40672782874617736,0.5172413793103449,0.11584553928095871,0.019877675840978593,0.07456724367509987
848,2,Balanced Aggressor,1,1.0635179153094463,0.4382826475849732,0.41935483870967744,0.09113607990012484,0.016100178890876567,0.0449438202247191
849,2,Balanced Aggressor,1,1.1027928626842514,0.4224683544303797,0.5149253731343284,0.074696802646086,0.011159227181878745,0.07386990077177508
850,1,Support/Utility Player,3,0.9810181190681623,0.3854473942969518,0.36065573770491804,0.07317073170731707,0.06293018682399214,0.06328279499011205
852,2,Balanced Aggressor,1,1.0690574985180794,0.33835530445699935,0.5085714285714286,0.10042735042735042,0.03421217827997489,0.05491452991452991
853,1,Support/Utility Player,3,1.1629213483146068,0.39368998628257884,0.5,0.07475728155339806,0.04252400548696845,0.0825242718446602
854,1,Support/Utility Player,3,1.1912487708947885,0.40437956204379566,0.5252525252525253,0.11903039073806077,0.019464720194647202,0.08683068017366136
855,1,Support/Utility Player,3,1.181818181818182,0.4133663366336633,0.5409836065573771,0.06274045575614086,0.03547854785478548,0.11364308967150044
857,2,Balanced Aggressor,1,1.1856725146198832,0.3143261074458058,0.48484848484848486,0.1472693032015066,0.01837888784165881,0.0832391713747646
858,2,Balanced Aggressor,1,1.0489795918367346,0.3829787234042553,0.5833333333333334,0.060171919770773644,0.01702127659574468,0.05157593123209169
859,2,Balanced Aggressor,1,1.1900783289817234,0.3773355981557874,0.4574468085106383,0.13465654796653045,0.033001698616840575,0.07472270869819031
860,2,Balanced Aggressor,1,1.0690954773869346,0.4262295081967213,0.5,0.1213307240704501,0.01912568306010929,0.07338551859099803
862,2,Balanced Aggressor,0,1.3450305143853531,0.34423218221895663,0.4979757085020243,0.10294117647058824,0.027296404484985336,0.058823529411764705
865,1,Support/Utility Player,3,1.0116692034500252,0.2521102982554868,0.49074074074074076,0.05333333333333334,0.011254924029262803,0.11243243243243244
866,1,Support/Utility Player,3,1.482142857142857,0.2860169491525424,0.6136363636363636,0.09506726457399103,0.01694915254237288,0.11390134529147981
867,0,Passive/Low Impact,1,1.0301331464611072,0.3461384553821528,0.4507042253521127,0.08365331870543061,0.009203681472589036,0.0655512890839276
868,3,Dominant Fragger,0,1.672165820642978,0.4534788540245566,0.5777777777777777,0.11028602860286028,0.03137789904502046,0.1058855885588559
871,1,Support/Utility Player,1,1.2722063037249283,0.41750000000000004,0.5,0.09643605870020963,0.04,0.0670859538784067
874,0,Passive/Low Impact,2,0.9805194805194805,0.2677595628415301,0.5,0.035060975609756094,0.01912568306010929,0.08384146341463415
878,1,Support/Utility Player,1,1.002890816099622,0.4575411913814956,0.5127118644067796,0.08655959425190193,0.05095057034220533,0.07252747252747252
879,1,Support/Utility Player,3,1.0404907975460125,0.3453237410071942,0.5,0.090310442144873,0.017266187050359712,0.11006585136406398
880,0,Passive/Low Impact,2,0.8261589403973509,0.2957393483709273,0.5625,0.05112219451371571,0.010025062656641603,0.08229426433915212
881,1,Support/Utility Player,1,1.104965684295519,0.28595041322314046,0.4566929133858268,0.10860655737704919,0.034297520661157016,0.06352459016393443
883,2,Balanced Aggressor,1,1.2487025948103792,0.3630363036303631,0.5267175572519084,0.09749552772808587,0.0036670333700036676,0.035181872391174714
884,0,Passive/Low Impact,2,0.9666666666666667,0.2762237762237762,0.3125,0.09313725490196079,0.04195804195804196,0.03431372549019608
885,0,Passive/Low Impact,2,0.9877551020408163,0.35764705882352943,0.3548387096774194,0.0649546827794562,0.023529411764705882,0.02719033232628399
886,2,Balanced Aggressor,0,1.4,0.30900243309002434,0.5294117647058824,0.11546391752577319,0.026763990267639905,0.0536082474226804
887,1,Support/Utility Player,1,1.2594215600350571,0.27808764940239045,0.4406779661016949,0.08754863813229573,0.020717131474103586,0.10440985732814526
888,2,Balanced Aggressor,1,1.090759753593429,0.31153184165232356,0.41935483870967744,0.09045383411580595,0.015920826161790018,0.030672926447574335
889,1,Support/Utility Player,3,0.8841567291311756,0.29295154185022027,0.4838709677419355,0.05405405405405406,0.039647577092511016,0.12039312039312039
890,2,Balanced Aggressor,1,1.0371352785145889,0.3305954825462012,0.43636363636363634,0.11660777385159012,0.016427104722792605,0.052296819787985865
891,1,Support/Utility Player,3,0.956953642384106,0.3252032520325203,0.5333333333333333,0.08436724565756823,0.044715447154471545,0.06947890818858561
894,2,Balanced Aggressor,0,1.1162601626016262,0.46585998271391527,0.49122807017543857,0.0982769623484365,0.030250648228176316,0.047862156987874924
895,3,Dominant Fragger,0,1.3902605142176059,0.41993666528982515,0.5271565495207667,0.10982035928143713,0.021616411950984443,0.0555688622754491
897,0,Passive/Low Impact,2,0.871559633027523,0.33076923076923076,0.35294117647058826,0.04328018223234624,0.023076923076923078,0.04783599088838269
898,1,Support/Utility Player,3,1.0837209302325579,0.32812500000000006,0.36363636363636365,0.0996168582375479,0.03125,0.0842911877394636
899,2,Balanced Aggressor,0,1.1414230882787129,0.39928379588182633,0.46153846153846156,0.1352354442124797,0.01521933751119069,0.03943400603108328
901,1,Support/Utility Player,3,1.0820836621941594,0.3507718696397942,0.5161290322580645,0.08438818565400845,0.020048927255855806,0.09584086799276673
902,3,Dominant Fragger,0,1.2954424543358751,0.44048347613219097,0.5746268656716418,0.14491362763915547,0.016892898564676653,0.04318618042226488
903,0,Passive/Low Impact,1,0.9675675675675676,0.3553054662379421,0.4166666666666667,0.09265536723163842,0.01607717041800643,0.06214689265536723
906,2,Balanced Aggressor,2,0.8725490196078433,0.401673640167364,0.3333333333333333,0.10875331564986739,0.02092050209205021,0.034482758620689655
908,2,Balanced Aggressor,1,1.1681786461967898,0.3462603878116344,0.49295774647887325,0.12334801762114536,0.019390581717451522,0.059471365638766524
909,1,Support/Utility Player,3,0.9449183976261127,0.37912578055307755,0.48134328358208955,0.0645575032064985,0.04861730597680642,0.08764429243266354
910,0,Passive/Low Impact,2,0.8315565031982942,0.37349397590361444,0.4230769230769231,0.04166666666666667,0.009036144578313253,0.05833333333333334
912,1,Support/Utility Player,2,1.1800766283524904,0.31954887218045114,0.38461538461538464,0.07736389684813753,0.026315789473684213,0.0830945558739255
913,2,Balanced Aggressor,1,1.0481832543443919,0.40707964601769914,0.4918032786885246,0.10438542310067944,0.036887905604719766,0.025941939468807906
915,2,Balanced Aggressor,1,1.1000854387892103,0.4477747502270663,0.5210526315789473,0.10618880121684571,0.032783820896810055,0.05989162467915201
916,2,Balanced Aggressor,1,1.2223011363636362,0.34902488231338263,0.5416666666666666,0.10144181256436664,0.010087424344317418,0.0345005149330587
917,0,Passive/Low Impact,2,0.924852071005917,0.2986526946107785,0.5348837209302325,0.0536448193813541,0.02657185628742515,0.03980099502487562
918,2,Balanced Aggressor,1,1.0928792569659442,0.4,0.5625,0.07972665148063782,0.014035087719298246,0.05466970387243736
920,3,Dominant Fragger,0,1.3714038128249566,0.3943306202638226,0.5460750853242321,0.13126341032437208,0.027645242772944147,0.06045689763978291
921,3,Dominant Fragger,0,1.3260225251926498,0.374384236453202,0.6896551724137931,0.14639540026536932,0.013793103448275862,0.04953560371517028
922,1,Support/Utility Player,3,1.2051104972375688,0.26842105263157895,0.5316455696202531,0.06092336982389338,0.03881578947368421,0.12184673964778676
923,2,Balanced Aggressor,2,1.0250000000000001,0.39501779359430605,0.35714285714285715,0.13262599469496023,0.01779359430604982,0.01326259946949602
924,1,Support/Utility Player,3,1.1313446126447018,0.39374425022999077,0.46296296296296297,0.09015829318651067,0.012879484820607174,0.09325533379215417
925,2,Balanced Aggressor,1,1.4333207404608992,0.36303431667670083,0.4728682170542636,0.1265387918694532,0.017158338350391333,0.04065273403950759
926,1,Support/Utility Player,3,1.3324022346368718,0.34523809523809523,0.7,0.0831758034026465,0.02142857142857143,0.12665406427221174
927,2,Balanced Aggressor,1,1.0346500346500347,0.42958860759493667,0.6323529411764706,0.08135235076597992,0.00949367088607595,0.04490227152667723
928,0,Passive/Low Impact,2,0.8785714285714287,0.3894230769230769,0.21428571428571427,0.036619718309859155,0.03365384615384615,0.05070422535211267
929,2,Balanced Aggressor,1,1.1161400512382578,0.3616268788682582,0.543859649122807,0.09908735332464146,0.01856763925729443,0.06649282920469361
930,3,Dominant Fragger,0,1.387434554973822,0.29979035639412993,0.5909090909090909,0.11307420494699648,0.027253668763102725,0.05300353356890459
931,3,Dominant Fragger,0,1.3203732503888024,0.5115803814713896,0.5692307692307692,0.1182181610508281,0.02316076294277929,0.05368360936607652
932,1,Support/Utility Player,3,1.3118908382066277,0.33389423076923075,0.5157894736842106,0.10396424407306647,0.045432692307692306,0.08628060629615236
935,3,Dominant Fragger,0,1.587719298245614,0.44879518072289154,0.6428571428571429,0.14634146341463414,0.003012048192771084,0.04573170731707317
936,0,Passive/Low Impact,2,0.862781954887218,0.41223404255319146,0.4166666666666667,0.08006279434850863,0.018617021276595747,0.025117739403453687
937,1,Support/Utility Player,3,0.9591078066914498,0.3466666666666667,0.6,0.055408970976253295,0.05333333333333334,0.079155672823219
938,0,Passive/Low Impact,2,1.117798796216681,0.2457245724572457,0.49206349206349204,0.09520921770770165,0.0198019801980198,0.050939963614311703
939,0,Passive/Low Impact,2,0.951885565669701,0.2966360856269113,0.46153846153846156,0.10146443514644352,0.0045871559633027525,0.0596234309623431
940,2,Balanced Aggressor,1,1.0761697497279652,0.35240274599542337,0.5111111111111111,0.10620915032679738,0.012585812356979406,0.03594771241830065
942,1,Support/Utility Player,3,0.9074074074074073,0.3038461538461539,0.5,0.06802721088435375,0.04230769230769231,0.07256235827664399
944,1,Support/Utility Player,0,1.2131083202511774,0.44033674963396774,0.5079365079365079,0.10572429906542057,0.025256222547584188,0.08060747663551403
945,0,Passive/Low Impact,1,1.037122969837587,0.3960880195599022,0.5416666666666666,0.04047217537942665,0.017114914425427872,0.0657672849915683
946,1,Support/Utility Player,1,1.070110701107011,0.3342716396903589,0.5512820512820513,0.1223895094706168,0.04574243490499648,0.06022340942204954
947,1,Support/Utility Player,0,1.2511792452830188,0.32441113490364026,0.5581395348837209,0.12522202486678508,0.03747323340471092,0.07726465364120781
948,0,Passive/Low Impact,1,1.062708102108768,0.4127557160048135,0.425531914893617,0.06118314424635332,0.028880866425992777,0.05024311183144247
950,1,Support/Utility Player,3,0.9601910828025478,0.3251184834123223,0.4492753623188406,0.0672463768115942,0.05118483412322275,0.06492753623188406
951,2,Balanced Aggressor,1,1.107940446650124,0.45692883895131087,0.2564102564102564,0.09606147934678194,0.032032328011038835,0.026897214217098942
952,2,Balanced Aggressor,1,1.1709646609360078,0.3509222507588139,0.5048076923076923,0.1006197593875319,0.018911977585804342,0.04958075100255195
953,1,Support/Utility Player,3,1.1267685342388227,0.372316384180791,0.4742268041237113,0.06918744971842317,0.03559322033898305,0.09251810136765888
955,1,Support/Utility Player,3,0.9939814814814816,0.3370726495726496,0.5045871559633027,0.0981012658227848,0.045940170940170943,0.06188466947960619
956,1,Support/Utility Player,3,1.2171747360031877,0.41351703593371814,0.49603174603174605,0.08791840252837235,0.05939303667845838,0.09122252549920988
958,0,Passive/Low Impact,2,0.8892307692307693,0.39241549876339654,0.4444444444444444,0.06488360574541853,0.008244023083264633,0.037642397226349676
959,2,Balanced Aggressor,1,1.1505190311418685,0.48316498316498313,0.39285714285714285,0.11668928086838534,0.015151515151515152,0.05020352781546811
960,2,Balanced Aggressor,1,1.2605291576673867,0.3085492855412933,0.4873096446700508,0.10663371982512831,0.01582262839744762,0.07508078312107964
964,1,Support/Utility Player,3,1.196153846153846,0.3443830570902394,0.5384615384615384,0.0950354609929078,0.05893186003683242,0.06241134751773049
965,2,Balanced Aggressor,1,1.2041302621127878,0.34022988505747126,0.5,0.09005297233666863,0.00996168582375479,0.07298410829899941
967,3,Dominant Fragger,0,1.2079646017699115,0.367147510469986,0.6730769230769231,0.12611967036904337,0.022335970218706376,0.03511286277319957
968,0,Passive/Low Impact,2,1.0583063396575658,0.30070993914807304,0.4,0.0777663583418979,0.01892726237500445,0.07947927372387804
969,0,Passive/Low Impact,2,0.8630136986301369,0.20555555555555557,0.5454545454545454,0.1174496644295302,0.016666666666666666,0.0738255033557047
971,2,Balanced Aggressor,1,1.1117335823218177,0.2981829980532122,0.4726027397260274,0.1199411331861663,0.02498377676833225,0.043168996811380915
975,0,Passive/Low Impact,3,0.6751188589540412,0.3324175824175824,0.42857142857142855,0.04523227383863081,0.04945054945054944,0.07823960880195599
977,1,Support/Utility Player,1,0.9523809523809523,0.41187159297395515,0.4791666666666667,0.06211180124223603,0.042398546335554205,0.07104037267080746
979,2,Balanced Aggressor,1,0.8393051031487514,0.26576576576576577,0.46511627906976744,0.166510757717493,0.02252252252252252,0.02245088868101029
981,0,Passive/Low Impact,2,0.7919463087248323,0.23560209424083772,0.5,0.036458333333333336,0.02617801047120419,0.08072916666666667
982,3,Dominant Fragger,0,1.3977777777777778,0.2742857142857143,0.6363636363636364,0.15091210613598674,0.011428571428571429,0.07296849087893864
983,3,Dominant Fragger,1,1.391304347826087,0.3773349937733499,0.5142857142857142,0.13066385669125394,0.022415940224159398,0.04847207586933614
985,1,Support/Utility Player,3,1.2669683257918551,0.3195020746887967,0.4583333333333333,0.05378151260504201,0.029045643153526975,0.1495798319327731
986,2,Balanced Aggressor,0,1.1884862146696722,0.32528458088996204,0.4790874524714829,0.14240199473611304,0.028285615729561918,0.04889873943759524
987,3,Dominant Fragger,0,1.299249530956848,0.4129554655870445,0.6379310344827587,0.1121983039791259,0.0340080971659919,0.05479452054794521
988,2,Balanced Aggressor,1,1.1216216216216215,0.39123173277661794,0.4824561403508772,0.09836580766813324,0.030062630480167014,0.06631049654305468
989,1,Support/Utility Player,3,1.170499603489294,0.4958553127354936,0.49206349206349204,0.09805079740106319,0.08138658628485305,0.08210277613703486
990,2,Balanced Aggressor,1,1.1366437114896701,0.37860533041255934,0.5074626865671642,0.09098497495826377,0.0029207740051113546,0.044518642181413465
992,1,Support/Utility Player,3,1.0120411160058738,0.31931413781947593,0.41361256544502617,0.07963212202781517,0.036557748301520546,0.0861372812920592
993,1,Support/Utility Player,3,0.8721804511278196,0.43316831683168316,0.5769230769230769,0.07464788732394366,0.04702970297029703,0.04225352112676056
994,3,Dominant Fragger,0,1.4403669724770645,0.4285714285714286,0.5789473684210527,0.1388888888888889,0.030444964871194382,0.07478632478632478
995,2,Balanced Aggressor,1,1.3364928909952605,0.2806539509536785,0.5573770491803278,0.13537906137184116,0.009536784741144414,0.04271961492178099
999,2,Balanced Aggressor,0,1.0962511157393635,0.46356916578669477,0.48598130841121495,0.14902987739554815,0.02648165258711721,0.046899178669206044
1000,1,Support/Utility Player,1,1.3854709767118527,0.3222722159730033,0.4966442953020134,0.11089206505667816,0.024746906636670417,0.07688516510596353
1001,3,Dominant Fragger,0,1.3041825095057036,0.4415156507413509,0.6666666666666666,0.134180790960452,0.02471169686985173,0.08333333333333333
1002,1,Support/Utility Player,1,0.9371859296482412,0.37267080745341613,0.6190476190476191,0.049069373942470386,0.021739130434782608,0.06429780033840947
1004,3,Dominant Fragger,0,1.4108910891089106,0.3187250996015936,0.6666666666666666,0.09666666666666666,0.00796812749003984,0.03666666666666667
1007,2,Balanced Aggressor,1,1.087866108786611,0.27038626609442057,0.38461538461538464,0.12302839116719244,0.012875536480686695,0.0694006309148265
1008,1,Support/Utility Player,3,1.100456621004566,0.45992714025500914,0.4716981132075472,0.0809688581314879,0.05555555555555555,0.10726643598615916
1010,3,Dominant Fragger,0,1.7052194543297747,0.4384255650818394,0.6888888888888889,0.2040990606319385,0.03078721745908028,0.0444064901793339
1012,2,Balanced Aggressor,1,0.9803921568627452,0.4067796610169492,0.5,0.11553784860557768,0.01129943502824859,0.07171314741035856
1013,1,Support/Utility Player,3,1.2175438596491228,0.3625632377740304,0.5666666666666667,0.07901554404145077,0.0067453625632377745,0.10233160621761657
1015,1,Support/Utility Player,3,1.3724137931034481,0.32140350877192986,0.45901639344262296,0.0926037282020445,0.05052631578947368,0.08598917618761276
1017,0,Passive/Low Impact,2,0.9464668094218417,0.2642487046632124,0.4166666666666667,0.09197324414715718,0.03626943005181347,0.04347826086956521
1019,1,Support/Utility Player,3,1.2270114942528736,0.268733850129199,0.5555555555555556,0.08961303462321793,0.010335917312661497,0.1079429735234216
1020,0,Passive/Low Impact,2,0.980654761904762,0.32798573975044565,0.43243243243243246,0.05297297297297297,0.005347593582887701,0.04756756756756757
1022,0,Passive/Low Impact,2,0.8488372093023256,0.37623762376237624,0.21428571428571427,0.060171919770773644,0.0297029702970297,0.045845272206303724
1024,1,Support/Utility Player,3,1.073170731707317,0.3652173913043479,0.5797101449275363,0.09115870400878638,0.03636363636363636,0.06534870950027458
1027,3,Dominant Fragger,0,1.5344262295081967,0.3818615751789976,0.59375,0.1317016317016317,0.03579952267303103,0.07925407925407925
1028,3,Dominant Fragger,3,1.111627906976744,0.4065420560747664,0.75,0.10139860139860139,0.03271028037383178,0.048951048951048945
1029,2,Balanced Aggressor,0,1.2278481012658227,0.43282571912013534,0.3953488372093023,0.1581259150805271,0.017597292724196276,0.0506588579795022
1031,3,Dominant Fragger,1,1.4077290490664351,0.36215450035435864,0.5528455284552846,0.12280701754385966,0.0148830616583983,0.07848568790397045
1034,2,Balanced Aggressor,1,1.2462048026497377,0.429593094944513,0.43315508021390375,0.08581189710610931,0.007151664611590629,0.05265273311897106
1035,2,Balanced Aggressor,3,1.1865079365079365,0.37078651685393255,0.7333333333333333,0.08219178082191782,0.018726591760299623,0.03561643835616439
1039,3,Dominant Fragger,0,1.2003514938488575,0.4437299035369775,0.6071428571428571,0.11194029850746269,0.03697749196141479,0.062189054726368154
1040,2,Balanced Aggressor,1,1.1651090342679127,0.3125,0.4375,0.1182033096926714,0.011904761904761904,0.030732860520094562
1043,2,Balanced Aggressor,1,1.229208117787505,0.3406881077038145,0.4152542372881356,0.14582686937635742,0.02169035153328347,0.06701830592615575
1044,2,Balanced Aggressor,1,1.0784873349982163,0.43368339167639053,0.45323741007194246,0.0973145440042542,0.022948269155970438,0.04440308428609413
1045,2,Balanced Aggressor,1,1.1779544831368247,0.32577597840755734,0.5310734463276836,0.12752391073326247,0.008097165991902834,0.04187035069075451
1050,1,Support/Utility Player,3,0.6884057971014494,0.3742690058479532,0.4666666666666667,0.022613065326633163,0.09941520467836257,0.07035175879396985
1051,1,Support/Utility Player,3,1.533143264433357,0.3654743390357698,0.55,0.11048425011753644,0.049766718506998445,0.11095439586271744
1053,2,Balanced Aggressor,0,1.1730103806228374,0.48038137147048043,0.5073529411764706,0.10410641989589357,0.031536486982031535,0.03672643146327357
1054,2,Balanced Aggressor,1,1.0633838383838385,0.3896777717094484,0.43010752688172044,0.11302644466209598,0.010376843255051886,0.0713026444662096
1055,0,Passive/Low Impact,2,1.0595009596928981,0.30303030303030304,0.42857142857142855,0.07916666666666666,0.022222222222222223,0.06388888888888888
1056,3,Dominant Fragger,0,1.4010815682739974,0.3765281173594132,0.6517857142857143,0.12704,0.06182326231225987,0.07488
1057,0,Passive/Low Impact,2,0.873479318734793,0.26182965299684546,0.45454545454545453,0.04735883424408015,0.022082018927444796,0.07285974499089254
1059,2,Balanced Aggressor,1,1.1326315789473687,0.3384615384615385,0.4782608695652174,0.10491803278688525,0.004395604395604395,0.0918032786885246
1060,3,Dominant Fragger,0,1.674757281553398,0.33968253968253964,0.7692307692307693,0.12903225806451613,0.01904761904761905,0.07624633431085044
1061,3,Dominant Fragger,0,1.5790441176470589,0.3766233766233766,0.7941176470588235,0.12154031287605295,0.03116883116883117,0.05054151624548737
1062,3,Dominant Fragger,0,1.4277003484320556,0.5388127853881278,0.652542372881356,0.14955357142857142,0.03770415708626143,0.05054209183673469
1063,3,Dominant Fragger,0,1.3528727997343073,0.43964153927253563,0.557632398753894,0.12486871280196056,0.04697438592231799,0.050297584315556074
1064,0,Passive/Low Impact,3,0.8334409296320205,0.277753009362461,0.49333333333333335,0.06686626746506986,0.0521622826571556,0.03318363273453094
1066,2,Balanced Aggressor,0,1.110824742268041,0.41131105398457585,0.47368421052631576,0.128099173553719,0.005141388174807198,0.03925619834710744
1068,0,Passive/Low Impact,2,0.7937788018433181,0.3253012048192771,0.35,0.06981132075471698,0.0189328743545611,0.03773584905660377
1069,2,Balanced Aggressor,0,1.2738669238187077,0.33389402859545836,0.4807692307692308,0.130527817403709,0.010092514718250631,0.042796005706134094
1070,2,Balanced Aggressor,0,1.309322033898305,0.4224343675417661,0.5,0.09783728115345006,0.03221957040572792,0.05561277033985582
1071,1,Support/Utility Player,3,1.0861989912883998,0.25338007010515773,0.4766355140186916,0.09464285714285714,0.04256384576865298,0.07392857142857143
1072,1,Support/Utility Player,3,1.268920282542886,0.38152424942263286,0.4886731391585761,0.08609271523178809,0.039361774153508215,0.09981938591210117
1074,3,Dominant Fragger,0,1.3899082568807342,0.43499999999999994,0.6176470588235294,0.11573033707865168,0.02375,0.053932584269662916
1077,1,Support/Utility Player,3,1.129976580796253,0.41399082568807344,0.4883720930232558,0.07280334728033473,0.047018348623853214,0.06527196652719665
1079,1,Support/Utility Player,3,1.173541963015647,0.2718023255813954,0.5555555555555556,0.08891213389121339,0.023255813953488372,0.06276150627615062
1080,2,Balanced Aggressor,0,1.1723800195886385,0.3816425120772947,0.43137254901960786,0.15,0.015458937198067634,0.03671875
1082,2,Balanced Aggressor,1,1.2438423645320198,0.42369263607257207,0.37777777777777777,0.11867525298988041,0.0384204909284952,0.05703771849126035
1083,3,Dominant Fragger,0,1.5142045454545454,0.3243243243243243,0.8333333333333334,0.14754098360655737,0.02927927927927928,0.03483606557377049
1085,3,Dominant Fragger,0,1.4473684210526316,0.3004201680672269,0.631578947368421,0.11214953271028037,0.025210084033613443,0.06728971962616823
1088,2,Balanced Aggressor,1,1.0546697038724373,0.39191374663072776,0.4753521126760563,0.11003236245954692,0.01761006289308176,0.04194174757281554
1092,1,Support/Utility Player,3,0.5019255455712452,0.303951367781155,0.5526315789473685,0.02230843840931135,0.09726443768996959,0.07274490785645005
1093,1,Support/Utility Player,3,1.2510729613733906,0.2892960462873674,0.5625,0.08607198748043818,0.027965284474445514,0.06885758998435054
1094,1,Support/Utility Player,3,1.0512820512820513,0.3833049403747871,0.5142857142857142,0.07478632478632478,0.018739352640545142,0.08547008547008546
1095,3,Dominant Fragger,0,1.3553398058252428,0.34178250204415367,0.6862745098039216,0.17598187311178246,0.006541291905151268,0.051359516616314195
1097,2,Balanced Aggressor,1,1.2523705324580596,0.3527080581241744,0.5972222222222222,0.10563002680965147,0.015191545574636723,0.05415549597855227
1098,2,Balanced Aggressor,1,1.1975793261367353,0.3746943765281174,0.5096774193548387,0.1192214111922141,0.027200488997555013,0.04257907542579075
1099,1,Support/Utility Player,1,1.039337474120083,0.4175568973525314,0.4957983193277311,0.11905542800918333,0.058987459359033906,0.06854706461134798
1103,0,Passive/Low Impact,2,0.8228269381362568,0.32455909449855225,0.31733333333333336,0.0683617539585871,0.0261291671182819,0.07049330085261875
1104,0,Passive/Low Impact,2,0.6766091051805339,0.3162393162393162,0.4482758620689655,0.04534005037783375,0.054131054131054124,0.04659949622166246
1105,1,Support/Utility Player,3,1.185032894736842,0.3330763299922899,0.546875,0.088098016336056,0.04857363145720894,0.1073512252042007
1108,0,Passive/Low Impact,1,1.1204121056020606,0.39986693280106456,0.39080459770114945,0.07338597306084534,0.025948103792415172,0.06781235485369252
1109,1,Support/Utility Player,3,1.1623853211009174,0.3079615048118985,0.5172413793103449,0.07901554404145078,0.03849518810148731,0.08808290155440414
1110,2,Balanced Aggressor,1,1.0699179974104447,0.4858681022880215,0.4608695652173913,0.06885456885456885,0.02332884701659937,0.06338481338481339
1111,1,Support/Utility Player,3,1.1252408477842002,0.33648393194707,0.5666666666666667,0.07024793388429752,0.01368880777002803,0.1088154269972452
1112,2,Balanced Aggressor,1,1.20703125,0.41538461538461535,0.5,0.07788161993769471,0.015384615384615384,0.04361370716510904
1114,1,Support/Utility Player,0,1.150462962962963,0.3404017857142857,0.5348837209302325,0.11406518010291597,0.033482142857142856,0.06432246998284734
1115,3,Dominant Fragger,0,1.2677824267782425,0.49637681159420294,0.5,0.14696485623003194,0.014492753623188404,0.028753993610223638
1116,1,Support/Utility Player,1,1.2526737967914439,0.47500000000000003,0.47368421052631576,0.09491193737769081,0.04047619047619048,0.07534246575342465
1117,0,Passive/Low Impact,2,0.9993279569892473,0.30877192982456136,0.4965986394557823,0.08177390412714688,0.021196827685652484,0.06203537554473212
1120,1,Support/Utility Player,3,1.1480637813211845,0.3644646924829157,0.6153846153846154,0.08766233766233766,0.04328018223234623,0.08928571428571429
1122,3,Dominant Fragger,1,1.3222748815165875,0.3417190775681342,0.5217391304347826,0.13675213675213674,0.031446540880503145,0.07521367521367521
1125,1,Support/Utility Player,1,1.2634812286689419,0.3769889840881273,0.40540540540540543,0.1108273748723187,0.039167686658506735,0.0735444330949949
1128,1,Support/Utility Player,3,1.2072570725707257,0.3491686460807601,0.5,0.07388092133854846,0.05641330166270784,0.06996957844415472
1130,3,Dominant Fragger,0,1.3924449108079748,0.3707274320771254,0.58,0.10762331838565022,0.028921998247151623,0.07623318385650224
1131,1,Support/Utility Player,3,0.9715132178669098,0.3397384574326127,0.5022421524663677,0.08919202518363065,0.041633306645316254,0.07030430220356768
1132,2,Balanced Aggressor,1,1.2229245680573115,0.37176470588235294,0.5163934426229508,0.11191449229801949,0.014901960784313726,0.0484124489154354
1133,2,Balanced Aggressor,1,1.0968152866242038,0.2963446475195822,0.39473684210526316,0.1178188899707887,0.041775456919060046,0.044790652385589096
1134,2,Balanced Aggressor,1,1.221308544869503,0.514890800794176,0.4580152671755725,0.10825027685492804,0.0314361350099272,0.04374307862679956
1135,2,Balanced Aggressor,1,1.1837398373983739,0.3461538461538462,0.5757575757575758,0.09414466130884042,0.009230769230769232,0.06314580941446613
1136,1,Support/Utility Player,3,1.1238558352402745,0.36537348002316156,0.4915254237288136,0.06827309236947791,0.019687319050376375,0.0860283238216022
1138,2,Balanced Aggressor,0,1.0685518423307627,0.42896425297891844,0.5,0.15006915629322268,0.017415215398716776,0.035269709543568464
1140,3,Dominant Fragger,0,1.3455882352941178,0.3880903490759754,0.5714285714285714,0.14656771799628943,0.01642710472279261,0.027829313543599257
1142,2,Balanced Aggressor,1,1.0845272206303722,0.3302325581395349,0.3235294117647059,0.11386696730552423,0.0124031007751938,0.04622322435174746
1143,2,Balanced Aggressor,1,1.1956384986370308,0.30809021311814605,0.5443548387096774,0.1057780495261388,0.011793916821849782,0.07413634974014063
1144,2,Balanced Aggressor,1,1.1000738007380073,0.33388281132923725,0.5194029850746269,0.11769325704027825,0.02038063839352615,0.06585885784808707
1146,1,Support/Utility Player,3,1.0600315955766193,0.3665198237885463,0.6129032258064516,0.10178571428571428,0.05638766519823789,0.06726190476190476
1148,2,Balanced Aggressor,0,1.1273209549071619,0.42240215924426455,0.4444444444444444,0.12906724511930584,0.006747638326585695,0.03253796095444686
1149,1,Support/Utility Player,1,1.202797202797203,0.4376321353065539,0.43478260869565216,0.07974481658692185,0.035940803382663845,0.08293460925039874
1150,3,Dominant Fragger,0,1.3412204234122045,0.3810504634397528,0.6739130434782609,0.08979591836734693,0.03501544799176107,0.06204081632653061
1152,2,Balanced Aggressor,1,1.150214592274678,0.3879310344827586,0.4166666666666667,0.11904761904761904,0.012931034482758622,0.04081632653061224
1154,0,Passive/Low Impact,1,1.2351097178683386,0.3211267605633803,0.3125,0.08459869848156182,0.008450704225352112,0.049891540130151846
1155,2,Balanced Aggressor,2,0.9947460595446587,0.3185483870967742,0.5,0.09633649932157394,0.008064516129032258,0.07462686567164178
1156,0,Passive/Low Impact,2,0.8732673267326733,0.3794871794871795,0.3448275862068966,0.07596899224806201,0.020512820512820513,0.08682170542635659
1157,2,Balanced Aggressor,1,1.2558430717863105,0.32518432285603416,0.5163934426229508,0.10977118119975263,0.01590997283663174,0.051329622758194186
1158,0,Passive/Low Impact,2,0.9619492656875834,0.3383280757097792,0.5,0.058534185932120016,0.015772870662460567,0.04771273979340875
1159,3,Dominant Fragger,0,1.3389355742296918,0.3658070678127984,0.6506024096385542,0.17931646693297826,0.010506208213944605,0.026631158455392812
1160,2,Balanced Aggressor,1,1.2163543441226574,0.4389375684556408,0.4395833333333333,0.12685758513931888,0.012413289521723258,0.07631578947368421
1161,3,Dominant Fragger,0,1.3294573643410852,0.49603729603729607,0.4888888888888889,0.09488448844884488,0.02983682983682984,0.0688943894389439
1163,1,Support/Utility Player,3,1.0811936155447606,0.3242467718794835,0.4533333333333333,0.09100152516522624,0.04949784791965567,0.0711743772241993
1165,1,Support/Utility Player,2,1.4843304843304843,0.3108695652173913,0.5909090909090909,0.06653992395437262,0.017391304347826087,0.060836501901140684
1166,2,Balanced Aggressor,0,0.9946808510638298,0.3806451612903226,0.5,0.12663755458515286,0.012903225806451613,0.0480349344978166
1167,0,Passive/Low Impact,2,0.6411290322580645,0.30544354838709675,0.4157303370786517,0.04792468977321352,0.030241935483870965,0.03979460847240052
1168,2,Balanced Aggressor,1,1.095330739299611,0.5290806754221389,0.35714285714285715,0.08559201141226819,0.028142589118198873,0.06276747503566334
1169,2,Balanced Aggressor,1,1.1102983861604552,0.44169234415738323,0.4926829268292683,0.12221721496169445,0.026783598009006874,0.06840919333032897
1171,3,Dominant Fragger,0,1.5589430894308942,0.4021818181818182,0.49523809523809526,0.096,0.02,0.07060869565217391
1172,2,Balanced Aggressor,2,1.0491753207086134,0.34130363576809697,0.49693251533742333,0.09040333796940195,0.01408450704225352,0.05516921650440427
1174,2,Balanced Aggressor,1,1.2674483528754885,0.4018330921369995,0.4742268041237113,0.06460454189506656,0.014471780028943561,0.0653876272513704
1175,0,Passive/Low Impact,2,0.7268970698722765,0.3858079904591532,0.4918032786885246,0.04941947008038106,0.024448419797257006,0.052694254242334024
1176,2,Balanced Aggressor,0,1.2245762711864407,0.4697726012201886,0.4588235294117647,0.11569872958257713,0.03438713255684969,0.029945553539019964
1178,2,Balanced Aggressor,1,1.2911392405063293,0.21145374449339205,0.5454545454545454,0.11544991511035653,0.02202643171806167,0.05432937181663837
1179,2,Balanced Aggressor,1,1.145019920318725,0.320217664294684,0.49586776859504134,0.09123757904245708,0.022603599832565928,0.03914483589280337
1180,2,Balanced Aggressor,1,1.0014367816091956,0.34348561759729274,0.47058823529411764,0.10658682634730539,0.018612521150592216,0.03952095808383234
1181,3,Dominant Fragger,0,1.4757993546494574,0.450592885375494,0.47878787878787876,0.18569494584837548,0.017786561264822132,0.05009025270758123
1183,0,Passive/Low Impact,2,0.8621840724845018,0.34307992202729043,0.51,0.055784350430550356,0.012345679012345678,0.038562336203669036
1184,2,Balanced Aggressor,1,1.136603773584906,0.3611001964636542,0.4621212121212121,0.08641626659135838,0.007465618860510806,0.05196272239480373
1185,3,Dominant Fragger,0,1.2730748225013655,0.4238820171265461,0.42391304347826086,0.15614478114478114,0.0247383444338725,0.0627104377104377
1186,0,Passive/Low Impact,3,0.6126340882002383,0.3054298642533937,0.42857142857142855,0.06177606177606177,0.029411764705882353,0.10231660231660232
1187,0,Passive/Low Impact,2,0.9418502202643172,0.3221202854230377,0.36363636363636365,0.07005494505494504,0.004077471967380225,0.06593406593406594
1188,3,Dominant Fragger,0,1.6629213483146068,0.36159600997506236,0.75,0.10913705583756345,0.017456359102244388,0.07614213197969544
1189,2,Balanced Aggressor,1,1.3667481662591687,0.3642645607107601,0.3333333333333333,0.11700182815356489,0.017769002961500493,0.05758683729433272
1191,2,Balanced Aggressor,1,1.0669745958429564,0.37481554353172647,0.4594594594594595,0.09245991129307403,0.01967535661583866,0.0566359604230638
1193,0,Passive/Low Impact,3,0.9666666666666667,0.3697813121272366,0.3870967741935484,0.06812339331619537,0.05168986083499006,0.06555269922879177
1195,2,Balanced Aggressor,1,0.9587628865979382,0.4657320872274143,0.5263157894736842,0.0959915611814346,0.006230529595015576,0.03270042194092827
1196,0,Passive/Low Impact,3,0.8527667984189724,0.40740740740740744,0.425531914893617,0.07535795026375282,0.0171957671957672,0.08816880180859081
1197,0,Passive/Low Impact,1,1.08843537414966,0.3943661971830986,0.21428571428571427,0.09840425531914893,0.017605633802816902,0.061170212765957445
1198,1,Support/Utility Player,1,1.1422140372416614,0.36330571832693476,0.4723404255319149,0.089937106918239,0.03232976358860376,0.07547169811320754
1200,3,Dominant Fragger,0,1.4913400182315406,0.4596610169491525,0.3559322033898305,0.16212534059945502,0.014915254237288136,0.04904632152588556
1201,0,Passive/Low Impact,2,0.9751756440281032,0.3250704225352113,0.44036697247706424,0.07176343310494049,0.030985915492957743,0.05120807789397765
1202,2,Balanced Aggressor,2,1.112990007686395,0.2871128871128872,0.5075187969924813,0.08698156682027651,0.014185814185814188,0.060915898617511524
1206,3,Dominant Fragger,3,1.185618136733971,0.36759700476514634,0.7189542483660131,0.10336964783379782,0.030633083730428865,0.050924752976944515
1208,0,Passive/Low Impact,2,0.9102564102564102,0.3605150214592274,0.5333333333333333,0.05463182897862233,0.008583690987124463,0.061757719714964375
1209,1,Support/Utility Player,3,1.1775929549902153,0.3063891577928364,0.47115384615384615,0.09599716613531704,0.053727008712487895,0.06340772228126107
1213,1,Support/Utility Player,1,1.2080500407941257,0.35322745901639346,0.4371584699453552,0.10259025086681624,0.03125,0.08097083418315316
1215,2,Balanced Aggressor,0,1.2743515850144091,0.38552540013917885,0.4805194805194805,0.13801268498942917,0.006461874937866588,0.03864693446088795
1218,2,Balanced Aggressor,1,0.9943887775551102,0.35757860159549515,0.5241935483870968,0.09969604863221884,0.033786954481464106,0.05805471124620061
1219,2,Balanced Aggressor,0,1.076305220883534,0.4482758620689655,0.5,0.12962962962962962,0.021551724137931036,0.037037037037037035
1220,0,Passive/Low Impact,1,0.9719326383319968,0.3686200378071834,0.46875,0.0714711137581894,0.013813018174240507,0.0687909469922573
1221,2,Balanced Aggressor,0,1.1809613572101791,0.39675741817069443,0.5503355704697986,0.11945392491467577,0.022025084123585194,0.054607508532423216
1222,0,Passive/Low Impact,2,1.0077639751552794,0.2655432887855898,0.4088669950738916,0.08455882352941177,0.037079811990495974,0.041989164086687306
1223,0,Passive/Low Impact,2,1.0996784565916398,0.3391003460207613,0.4,0.06293706293706293,0.0034602076124567475,0.08158508158508158
1224,1,Support/Utility Player,2,1.2717481358740679,0.3222543352601156,0.5441176470588235,0.07597895967270603,0.019799844707100337,0.06604324956165986
1225,0,Passive/Low Impact,2,1.0894736842105264,0.273224043715847,0.42105263157894735,0.09815950920245399,0.0273224043715847,0.07770961145194274
1226,2,Balanced Aggressor,1,1.3304940374787055,0.37151469480030147,0.5409836065573771,0.10037878787878787,0.012810851544837978,0.07702020202020202
1228,1,Support/Utility Player,3,0.9813829787234042,0.40625,0.45,0.07200000000000001,0.009375,0.10600000000000001
1229,2,Balanced Aggressor,1,1.1130091984231274,0.3706245710363761,0.4868421052631579,0.07387475538160469,0.03431708991077557,0.04500978473581213
1231,2,Balanced Aggressor,2,0.9498069498069497,0.39631336405529954,0.4878048780487805,0.11979695431472082,0.006144393241167435,0.0233502538071066
1232,1,Support/Utility Player,3,1.1191092698083893,0.3175257731958763,0.4423076923076923,0.08161044613710555,0.028865979381443297,0.09430540442509976
1233,2,Balanced Aggressor,1,1.1558245083207261,0.3611111111111111,0.5294117647058824,0.11565420560747663,0.01754385964912281,0.07710280373831775
1234,0,Passive/Low Impact,3,0.9490616621983914,0.2866449511400652,0.3157894736842105,0.07337526205450734,0.0488599348534202,0.09643605870020965
1235,1,Support/Utility Player,3,0.9825072886297375,0.23183391003460208,0.7142857142857143,0.05588822355289421,0.020761245674740483,0.09780439121756487
1236,2,Balanced Aggressor,1,1.0874458874458874,0.38950276243093923,0.5135135135135135,0.08562992125984252,0.02302025782688766,0.03805774278215223
1237,3,Dominant Fragger,0,1.457236842105263,0.41645244215938304,0.9444444444444444,0.12025316455696203,0.02056555269922879,0.0590717299578059
1238,3,Dominant Fragger,1,1.2824238128986534,0.45658521592131546,0.5109489051094891,0.11428186835374883,0.03290701182202642,0.05626598465473146
1239,1,Support/Utility Player,3,1.0632688927943763,0.40150093808630394,0.48148148148148145,0.05503355704697987,0.013133208255159474,0.08322147651006712
1240,1,Support/Utility Player,3,1.0229276895943564,0.3229442970822281,0.47058823529411764,0.09062638827187917,0.038461538461538464,0.07774322523322968
1241,1,Support/Utility Player,3,1.0692974013474494,0.43139190523198423,0.4716981132075472,0.08526603001364257,0.01085883514313919,0.08799454297407913
1242,1,Support/Utility Player,3,1.136864184583115,0.3610188261351052,0.5368421052631579,0.0804289544235925,0.053156146179401995,0.07200306396016852
1243,1,Support/Utility Player,1,1.1622446583705095,0.3994129600361256,0.4977578475336323,0.09715242881072027,0.04447956649356514,0.0743718592964824
1247,0,Passive/Low Impact,3,0.9420761470875365,0.26958174904942966,0.3333333333333333,0.04570230607966457,0.0349809885931559,0.08092243186582809
1248,2,Balanced Aggressor,0,1.1701962809917357,0.41065989847715734,0.5054945054945055,0.1229281767955801,0.02030456852791878,0.04755327545382794
1249,2,Balanced Aggressor,1,1.1464285714285714,0.3342599027102154,0.40540540540540543,0.08653846153846152,0.007644197359277276,0.056623931623931624
1252,3,Dominant Fragger,1,1.401930671347082,0.2852062588904694,0.5172413793103449,0.16474258970358815,0.03342816500711237,0.08767550702028082
1253,2,Balanced Aggressor,1,1.2610328638497652,0.36333333333333334,0.5384615384615384,0.09103544127866574,0.014166666666666668,0.06740792216817235
1254,0,Passive/Low Impact,3,0.6245614035087719,0.34210526315789475,0.3333333333333333,0.04261363636363637,0.06578947368421054,0.048295454545454544
1255,1,Support/Utility Player,0,1.1520833333333333,0.4227129337539432,0.6,0.08734270910436713,0.028391167192429026,0.076980014803849
1256,2,Balanced Aggressor,2,0.9577020202020201,0.3320373250388802,0.3698630136986301,0.10867237687366167,0.021772939346811817,0.026766595289079226
1257,2,Balanced Aggressor,1,1.0304182509505702,0.32905982905982906,0.3333333333333333,0.13166144200626959,0.01282051282051282,0.05642633228840126
1258,3,Dominant Fragger,0,1.5425603217158177,0.3977137413669921,0.5031055900621118,0.13331792975970425,0.033817575613241245,0.0640018484288355
1260,1,Support/Utility Player,3,1.1707243763149984,0.29787554618050327,0.5,0.07559021009313406,0.03218583566435857,0.06389430366038552
1262,1,Support/Utility Player,3,1.356223175965665,0.3490909090909091,0.8461538461538461,0.09538461538461539,0.02181818181818182,0.13538461538461538
1264,0,Passive/Low Impact,3,0.7632575757575757,0.26488095238095233,0.5316455696202531,0.04654510556621882,0.03670634920634921,0.06046065259117083
1266,2,Balanced Aggressor,0,1.2430739245440625,0.3315592113221241,0.47043010752688175,0.13636830747096906,0.01705576388048869,0.042338916863631684
1267,3,Dominant Fragger,1,1.5200668896321072,0.3485424588086185,0.4838709677419355,0.12392638036809818,0.016476552598225603,0.06380368098159508
1268,3,Dominant Fragger,0,1.279698302954117,0.42351046698872785,0.5168539325842697,0.11319073083778966,0.019860440150295224,0.07531194295900179
1269,1,Support/Utility Player,3,1.2700296735905043,0.3448275862068966,0.7619047619047619,0.05426356589147286,0.01856763925729443,0.11240310077519379
1270,0,Passive/Low Impact,2,1.0429184549356223,0.3838862559241706,0.2727272727272727,0.0792079207920792,0.01895734597156398,0.05940594059405941
1271,1,Support/Utility Player,2,1.210278682591386,0.3535784635587656,0.4722222222222222,0.07035047326682016,0.01772816808929744,0.07597851112816577
1273,2,Balanced Aggressor,1,0.948220064724919,0.3261802575107296,0.5625,0.10649350649350649,0.012875536480686695,0.023376623376623377
1274,2,Balanced Aggressor,1,0.9921536796536796,0.32266325224071707,0.4648648648648649,0.10664409648751588,0.017285531370038413,0.03195090986034702
1276,3,Dominant Fragger,0,1.1394686907020872,0.39119804400978,0.6213592233009708,0.15546376267367631,0.023960880195599023,0.04130679684566278
1278,2,Balanced Aggressor,1,1.08913813459268,0.3997501561524047,0.4942528735632184,0.09710467706013362,0.03560274828232354,0.04498886414253898
1279,0,Passive/Low Impact,3,0.8881626724763979,0.23786869647954328,0.3382352941176471,0.05722713864306785,0.004757373929590867,0.15103244837758112
1281,3,Dominant Fragger,0,1.6026315789473684,0.3853383458646617,0.7619047619047619,0.12743362831858407,0.02763157894736842,0.07787610619469026
1285,2,Balanced Aggressor,1,0.9976141243836487,0.4377604638521472,0.4627831715210356,0.10155402963498375,0.02119949266171408,0.06685941452837008
1286,2,Balanced Aggressor,1,1.1387313047962868,0.35275080906148865,0.4635036496350365,0.11769436997319035,0.02815020290748446,0.04705093833780161
1288,3,Dominant Fragger,0,1.483502538071066,0.3402985074626866,0.5609756097560976,0.15120593692022263,0.028855721393034824,0.049165120593692026
1290,3,Dominant Fragger,0,1.483298969072165,0.4259142496847415,0.5769230769230769,0.12432594367884961,0.017654476670870115,0.06740563211503894
1291,0,Passive/Low Impact,2,0.7111111111111111,0.4621848739495798,0.3,0.04739336492890995,0.01680672268907563,0.03791469194312796
1292,1,Support/Utility Player,1,1.0752840909090908,0.5264187866927593,0.42857142857142855,0.07613314447592068,0.04256360078277886,0.058073654390934835
1294,2,Balanced Aggressor,0,1.3250628140703515,0.44506075013206553,0.4235294117647059,0.08327766644399912,0.01531959852086635,0.06479625918503674
1296,3,Dominant Fragger,0,1.5201958384332925,0.5182546749777381,0.6382978723404256,0.10522022838499186,0.026714158504007122,0.04975530179445351
1297,0,Passive/Low Impact,2,0.8626482213438736,0.24226110363391656,0.3148148148148148,0.09566639411283727,0.02826379542395693,0.07113654946852004
1298,2,Balanced Aggressor,1,1.1638098318240622,0.4459996818832511,0.4524590163934426,0.1306930693069307,0.04085288774664512,0.06064356435643564
1299,3,Dominant Fragger,0,1.335820895522388,0.44593804792518993,0.5194805194805194,0.09073451752280365,0.032144944476914086,0.06096975516082573
1303,1,Support/Utility Player,3,1.0436320754716981,0.4121887287024902,0.5957446808510638,0.06314948041566747,0.0399737876802097,0.09312549960031974
1304,3,Dominant Fragger,3,1.3133603238866396,0.3613086770981508,0.5079365079365079,0.12971698113207547,0.026315789473684213,0.09257075471698113
1305,1,Support/Utility Player,3,1.2789743589743592,0.33225433526011555,0.5047169811320755,0.06970128022759602,0.03838150289017341,0.08463726884779517
1306,2,Balanced Aggressor,1,1.1412721893491125,0.3958793230316409,0.4492753623188406,0.10463800904977376,0.049300956585724795,0.03676470588235294
1307,3,Dominant Fragger,0,2.0343249427917622,0.34600997506234416,0.5818181818181818,0.13328530259365995,0.02057356608478803,0.09582132564841497
1308,0,Passive/Low Impact,2,0.6930455635491606,0.3967611336032389,0.35294117647058826,0.03977272727272727,0.012145748987854251,0.0909090909090909
1309,2,Balanced Aggressor,1,1.0679611650485434,0.5498281786941581,0.35714285714285715,0.10129870129870129,0.013745704467353952,0.04935064935064935
1310,2,Balanced Aggressor,1,1.2079646017699115,0.3258267397037939,0.52,0.12360278632755548,0.00852099817407182,0.08099789405475458
1311,0,Passive/Low Impact,2,0.9366795366795369,0.29105211406096365,0.4057971014492754,0.06369047619047619,0.02753195673549656,0.05892857142857142
1312,3,Dominant Fragger,0,1.6873990306946687,0.3771790808240887,0.6417910447761194,0.09850581073602657,0.008452192287374538,0.06806862202545656
1313,0,Passive/Low Impact,3,0.6042402826855123,0.4347826086956522,0.26666666666666666,0.038348082595870206,0.04347826086956522,0.056047197640117986
1316,1,Support/Utility Player,0,1.38965238480194,0.4842443729903537,0.7837837837837838,0.07172557172557173,0.08360128617363345,0.07744282744282745
1317,2,Balanced Aggressor,1,1.1938674579624136,0.41760299625468167,0.42592592592592593,0.10843373493975904,0.013108614232209737,0.048945783132530125
1319,0,Passive/Low Impact,2,0.7224334600760456,0.3516819571865444,0.2692307692307692,0.021834061135371178,0.0061162079510703364,0.03784570596797671
1320,2,Balanced Aggressor,0,1.1015950920245399,0.4589193190229459,0.4801980198019802,0.12852012852012853,0.059059955588453,0.044226044226044224
1323,2,Balanced Aggressor,1,1.1184834123222747,0.41191066997518616,0.6,0.08888888888888889,0.022332506203473948,0.044444444444444446
1325,0,Passive/Low Impact,2,0.7597222222222224,0.2915811088295688,0.30303030303030304,0.09010011123470522,0.04106776180698152,0.04671857619577308
1326,3,Dominant Fragger,0,1.3333333333333333,0.4622950819672132,0.48717948717948717,0.16159695817490494,0.03169398907103826,0.04277566539923955
1327,2,Balanced Aggressor,1,1.1283643892339543,0.43411644535240046,0.48,0.08385093167701864,0.02553626149131767,0.039596273291925464
1328,0,Passive/Low Impact,1,0.8512330946698489,0.3027932960893855,0.5357142857142857,0.08565989847715735,0.024581005586592177,0.03045685279187817
1329,1,Support/Utility Player,3,1.0444915254237288,0.3657957244655582,0.43478260869565216,0.0910569105691057,0.0166270783847981,0.08943089430894309
1330,1,Support/Utility Player,3,0.7672666387609879,0.2964824120603015,0.5,0.046074568050924525,0.06721105527638191,0.0951803576841467
1331,2,Balanced Aggressor,0,1.1896802325581397,0.38511560693641617,0.5797101449275363,0.10178384050367262,0.02167630057803468,0.05299055613850997
1332,0,Passive/Low Impact,2,0.7359020158203624,0.3140868140868141,0.43915343915343913,0.06612576064908722,0.03112203112203112,0.05314401622718052
1333,3,Dominant Fragger,0,1.3891918691125433,0.4713831478537361,0.53125,0.15885714285714286,0.02344992050874404,0.04838095238095238
1335,1,Support/Utility Player,1,1.2399121379759193,0.4522879669884312,0.528,0.10774572010056266,0.04938694739944697,0.0648868669938944
1337,0,Passive/Low Impact,2,1.068362480127186,0.3063186813186813,0.4342857142857143,0.08544600938967137,0.03331043956043956,0.052112676056338035
1342,3,Dominant Fragger,0,1.4232209737827717,0.4343434343434343,0.7,0.13739376770538242,0.008658008658008658,0.06798866855524079
1346,3,Dominant Fragger,0,1.3367301727957468,0.39885714285714285,0.652542372881356,0.12704000000000001,0.036571428571428574,0.06464
1347,1,Support/Utility Player,3,1.0205143022247904,0.4536316472114138,0.5276073619631901,0.08575256811076375,0.062905317769131,0.0578383206788745
1348,3,Dominant Fragger,0,1.3169642857142856,0.5824175824175825,0.5454545454545454,0.11146496815286623,0.02380952380952381,0.10668789808917198
1349,2,Balanced Aggressor,1,1.3322295805739515,0.23278985507246377,0.46938775510204084,0.11737451737451737,0.01902173913043478,0.044015444015444015
1350,3,Dominant Fragger,0,1.5257611241217799,0.4741865509761388,0.5869565217391305,0.11873990306946687,0.03210412147505423,0.06946688206785137
1353,2,Balanced Aggressor,1,1.119019138755981,0.33090909090909093,0.47126436781609193,0.07901668129938542,0.018787878787878787,0.046971027216856885
1354,2,Balanced Aggressor,1,1.070735650767987,0.35057964791756124,0.5,0.09505305634434315,0.024474023185916703,0.04722761918995665
1355,0,Passive/Low Impact,2,1.062244062244062,0.2886734244160423,0.4645669291338583,0.08263221153846155,0.020273248126928167,0.07872596153846154
1358,2,Balanced Aggressor,1,1.5945945945945947,0.2816742081447963,0.475,0.10577971646673935,0.005656108597285068,0.03162486368593238
1359,1,Support/Utility Player,3,1.0314547837483619,0.361890694239291,0.375,0.07439613526570049,0.04431314623338257,0.07536231884057971
1360,0,Passive/Low Impact,1,1.065972222222222,0.38582677165354334,0.5,0.04301075268817204,0.01968503937007874,0.06451612903225806
1361,3,Dominant Fragger,0,1.508097165991903,0.31150038080731146,0.5918367346938775,0.1237037037037037,0.02056359482102056,0.08666666666666666
1363,2,Balanced Aggressor,1,1.2579345088161207,0.3434029320302088,0.47474747474747475,0.12856599467478128,0.030208796090626388,0.0703689615823507
1364,2,Balanced Aggressor,1,1.1550748079255966,0.37157705376773936,0.5189873417721519,0.11136890951276102,0.013391964821107334,0.05058004640371229
1366,0,Passive/Low Impact,3,1.0735930735930737,0.234192037470726,0.5416666666666666,0.05714285714285714,0.04215456674473068,0.050793650793650794
1367,1,Support/Utility Player,3,1.035070140280561,0.2629135229251306,0.6530612244897959,0.08588235294117647,0.008705745792222868,0.06941176470588235
1370,1,Support/Utility Player,1,1.111466098686546,0.41813690896259703,0.5394736842105263,0.06671608598962195,0.02858151023288638,0.07066963182604398
1371,2,Balanced Aggressor,1,1.2940275650842268,0.3692201518288475,0.5205479452054794,0.08743169398907102,0.024844720496894408,0.034426229508196717
1372,2,Balanced Aggressor,1,1.1978131212723657,0.35438265786993406,0.577922077922078,0.11500974658869396,0.017907634307257305,0.07236842105263158
1373,2,Balanced Aggressor,1,0.9951338199513382,0.3899641577060932,0.5189873417721519,0.08968401486988849,0.01792114695340502,0.03345724907063197
1374,1,Support/Utility Player,3,1.1415694591728525,0.34027055150884494,0.5510204081632653,0.09587471352177233,0.03121748178980229,0.06990068754774637
1375,2,Balanced Aggressor,1,1.179614667495339,0.3918757467144564,0.4074074074074074,0.08386219401631913,0.018518518518518517,0.0457842248413418
1378,0,Passive/Low Impact,1,1.0517023959646912,0.3709449929478138,0.46511627906976744,0.06552706552706553,0.021156558533145273,0.05223171889838557
1379,2,Balanced Aggressor,1,1.26056338028169,0.28847926267281104,0.45454545454545453,0.11698956780923994,0.010138248847926268,0.05961251862891208
1380,3,Dominant Fragger,0,1.708994708994709,0.38922155688622756,0.6024096385542169,0.10865800865800865,0.010265183917878529,0.08095238095238096
1381,1,Support/Utility Player,2,1.3235294117647058,0.34159292035398237,0.39285714285714285,0.06713286713286713,0.021238938053097345,0.0853146853146853
1383,3,Dominant Fragger,0,1.5911458333333333,0.3482252141982864,0.5223880597014925,0.1471652593486128,0.01835985312117503,0.06755126658624849
1384,2,Balanced Aggressor,1,1.1615598885793872,0.3210762331838565,0.4727272727272727,0.09328114807566863,0.024215246636771298,0.05870841487279844
1385,0,Passive/Low Impact,1,1.092003105590062,0.36677367576243985,0.39552238805970147,0.0839321644150618,0.01845906902086677,0.06697326818051164
1386,2,Balanced Aggressor,0,1.1929447852760737,0.4615837503679717,0.5159235668789809,0.11499168448562605,0.02296143656167206,0.037776193870277974
1388,1,Support/Utility Player,1,1.2265571526351815,0.443177017321504,0.49776785714285715,0.09148291533411884,0.04438708077037864,0.08087863995960276
1389,2,Balanced Aggressor,1,1.2009873060648801,0.283986562150056,0.4362745098039216,0.09895556735705435,0.027771556550951846,0.06302000354044963
1390,2,Balanced Aggressor,0,1.1850670070197828,0.42561606327958623,0.46206896551724136,0.1414855987872663,0.02494675996349255,0.01995957554320364
1394,0,Passive/Low Impact,2,1.1856459330143538,0.3574040219378428,0.3333333333333333,0.06606799230275817,0.0356489945155393,0.057087876844130844
1395,1,Support/Utility Player,3,1.214936247723133,0.25440806045340053,0.5,0.050031269543464665,0.011754827875734676,0.1050656660412758
1396,1,Support/Utility Player,3,1.204015192620727,0.3669724770642202,0.48484848484848486,0.07710280373831777,0.03516819571865444,0.06658878504672898
1397,0,Passive/Low Impact,2,1.0342227378190254,0.3726823238566131,0.35365853658536583,0.09551310528653931,0.032138442521631644,0.056863616170590846
1398,2,Balanced Aggressor,1,1.1126363956353396,0.3332071185157138,0.36231884057971014,0.10359231411862992,0.018553578190079516,0.038707880813143976
1399,2,Balanced Aggressor,2,0.9730941704035874,0.3977272727272727,0.5454545454545454,0.10181818181818182,0.0,0.02909090909090909
1400,2,Balanced Aggressor,1,1.145383104125737,0.34448818897637795,0.5,0.1285930408472012,0.003937007874015748,0.0453857791225416
1402,3,Dominant Fragger,0,1.2782764811490126,0.3728,0.5517241379310345,0.16279069767441862,0.0336,0.06201550387596899
1403,0,Passive/Low Impact,2,0.8308080808080808,0.3668280871670702,0.47368421052631576,0.08109919571045576,0.03026634382566586,0.05563002680965148
1404,1,Support/Utility Player,3,0.9403973509933776,0.3847402597402597,0.5344827586206896,0.06473594548551959,0.021103896103896104,0.07734241908006814
1405,2,Balanced Aggressor,2,1.1759443339960238,0.27969348659003834,0.6,0.07641921397379912,0.005747126436781609,0.03129548762736536
1408,1,Support/Utility Player,0,1.2508227550540667,0.34056259394459953,0.5155555555555555,0.1047262835770146,0.03371269057333048,0.06256375382522951
1409,0,Passive/Low Impact,2,0.8664259927797834,0.3401015228426396,0.3076923076923077,0.08734939759036145,0.02538071065989848,0.03313253012048192
1410,2,Balanced Aggressor,1,0.933913043478261,0.42567567567567566,0.5,0.08701657458563536,0.024774774774774775,0.04972375690607734
1413,2,Balanced Aggressor,1,1.1625501698054954,0.31485758275596615,0.5477707006369427,0.10412621359223301,0.005850654349499615,0.04041262135922331
1414,3,Dominant Fragger,0,1.3051534452808338,0.44308943089430897,0.6021505376344086,0.10107705053852527,0.015752032520325202,0.05343827671913835
1415,2,Balanced Aggressor,1,1.2011739594450372,0.4353535353535354,0.5922330097087378,0.0853043815432338,0.0202020202020202,0.05699883675843349
1416,2,Balanced Aggressor,1,1.149390243902439,0.29693343305908754,0.5,0.07700592353257943,0.03141361256544503,0.041464728056004305
1419,3,Dominant Fragger,0,1.6902654867256641,0.5914702581369248,0.5357142857142857,0.18393782383419688,0.014590347923681257,0.06606217616580311
1420,1,Support/Utility Player,1,1.095734126984127,0.5376016260162602,0.5148514851485149,0.08858413639733136,0.02896341463414634,0.0715344699777613
1422,3,Dominant Fragger,0,1.4823560626160786,0.4067043618739903,0.48677248677248675,0.17581321093594093,0.021405492730210012,0.045899022151267205
1423,3,Dominant Fragger,0,1.583941605839416,0.5039201710620099,0.47058823529411764,0.11616515045486354,0.036350677120456164,0.052484254723582924
1426,2,Balanced Aggressor,1,1.0033167495854063,0.43737957610789985,0.5,0.11275167785234899,0.03853564547206166,0.04429530201342282
1427,2,Balanced Aggressor,1,1.4206128133704734,0.3333333333333333,0.42105263157894735,0.10615711252653928,0.0,0.03184713375796178
1428,0,Passive/Low Impact,2,0.6222222222222222,0.30927835051546393,0.4,0.047619047619047616,0.04123711340206186,0.03333333333333333
1429,0,Passive/Low Impact,2,0.95079950799508,0.4008620689655173,0.5,0.06352261790182868,0.02873563218390805,0.03849855630413859
1430,2,Balanced Aggressor,1,1.0199572344975054,0.3659147869674186,0.6052631578947368,0.07438423645320198,0.018379281537176276,0.05369458128078818
1432,2,Balanced Aggressor,1,0.9854862119013063,0.5475040257648953,0.4375,0.10259433962264151,0.024154589371980676,0.04363207547169811
1433,2,Balanced Aggressor,1,0.9929701230228472,0.3359528487229862,0.4827586206896552,0.13263785394932937,0.009823182711198428,0.03129657228017883
1434,1,Support/Utility Player,2,1.211618257261411,0.3420074349442379,0.4166666666666667,0.07570977917981073,0.007434944237918214,0.08832807570977919
1436,2,Balanced Aggressor,1,1.3719445056155033,0.3078478220915273,0.4830508474576271,0.1246608140462889,0.01874655394229002,0.07118914604948125
1437,2,Balanced Aggressor,1,1.1078969594594594,0.31115107913669066,0.5384615384615384,0.09580364212193192,0.01753597122302158,0.06254948535233572
1438,0,Passive/Low Impact,2,1.0155239327296248,0.3022556390977444,0.46153846153846156,0.07577268195413758,0.02255639097744361,0.04187437686939182
1439,2,Balanced Aggressor,1,1.1693548387096773,0.45081967213114754,0.25,0.08670520231213873,0.020491803278688527,0.049132947976878616
1441,1,Support/Utility Player,3,1.1725994615614717,0.4373620309050773,0.3806818181818182,0.08355148342059338,0.06870860927152318,0.0894415357766143
1444,1,Support/Utility Player,3,1.087179487179487,0.34594594594594597,0.7,0.06545454545454546,0.016216216216216217,0.07272727272727272
1445,2,Balanced Aggressor,1,1.233644859813084,0.36705202312138724,0.55,0.12288135593220338,0.014450867052023121,0.057203389830508475
1446,0,Passive/Low Impact,1,1.086776859504132,0.36206896551724144,0.45454545454545453,0.04504504504504504,0.02586206896551724,0.06006006006006006
1447,2,Balanced Aggressor,1,1.0207939508506614,0.3275488069414317,0.46153846153846156,0.10928143712574849,0.02169197396963124,0.0374251497005988
1450,0,Passive/Low Impact,3,1.0747051114023591,0.3853868194842407,0.42105263157894735,0.058521560574948665,0.01862464183381089,0.08418891170431211
1451,2,Balanced Aggressor,1,1.3664625529910501,0.36977007161703734,0.39823008849557523,0.09628561125135233,0.00980022615906521,0.020915975477821855
1452,2,Balanced Aggressor,0,1.1126616746085773,0.42295486600846266,0.5054151624548736,0.13638828633405642,0.009520451339915373,0.04758676789587852
1453,0,Passive/Low Impact,2,0.8312655086848636,0.3843537414965987,0.45,0.0775347912524851,0.010204081632653062,0.03777335984095428
1456,0,Passive/Low Impact,2,0.7865853658536586,0.35897435897435903,0.1,0.0430622009569378,0.03418803418803419,0.09090909090909093
1462,2,Balanced Aggressor,1,1.2334739803094232,0.4377895433487757,0.5144927536231884,0.10144181256436663,0.003970880211780278,0.03681771369721937
1463,3,Dominant Fragger,1,1.4192958390489256,0.3459732755507403,0.4774774774774775,0.13745019920318724,0.029613578909353556,0.0697211155378486
1465,0,Passive/Low Impact,2,0.8385167464114832,0.500823723228995,0.38095238095238093,0.0674373795761079,0.029654036243822075,0.038535645472061654
1467,1,Support/Utility Player,3,0.8376975169300225,0.3648519579751671,0.47685185185185186,0.059167526659786716,0.07449856733524356,0.053491572067423464
1469,0,Passive/Low Impact,2,0.9357429718875502,0.3248730964467005,0.5,0.06705539358600583,0.01015228426395939,0.07871720116618076
1471,1,Support/Utility Player,3,0.9296630094043886,0.25601805416248746,0.48770491803278687,0.08666360434849181,0.04914744232698094,0.0716582452916858
1472,1,Support/Utility Player,1,1.202797202797203,0.22397476340694006,0.6,0.12853470437017994,0.0031545741324921135,0.10025706940874037
1473,1,Support/Utility Player,3,1.271638655462185,0.3749767959903471,0.5220883534136547,0.09510259098397485,0.04158158529793948,0.09570166242324396
1474,0,Passive/Low Impact,2,0.6587301587301587,0.33333333333333337,0.4482758620689655,0.044871794871794865,0.04716981132075472,0.05128205128205128
1475,2,Balanced Aggressor,1,1.0480769230769231,0.4010526315789473,0.4423076923076923,0.10313901345291479,0.019999999999999997,0.0500747384155456
1478,0,Passive/Low Impact,2,1.0848056537102473,0.2727272727272727,0.21428571428571427,0.08157894736842106,0.02909090909090909,0.031578947368421054
1480,2,Balanced Aggressor,1,1.179936305732484,0.3172628304821151,0.47368421052631576,0.07801418439716312,0.020217729393468123,0.05555555555555556
1481,1,Support/Utility Player,1,1.184265010351967,0.3797595190380762,0.49056603773584906,0.10262172284644194,0.03707414829659319,0.06666666666666667
1482,1,Support/Utility Player,0,1.2968553459119496,0.33814547473625767,0.5555555555555556,0.09065934065934067,0.019988895058300944,0.08333333333333334
1483,2,Balanced Aggressor,1,1.2576036866359448,0.39335520918785893,0.46296296296296297,0.10549229738780977,0.02994257588187039,0.06597454789015404
1485,2,Balanced Aggressor,1,1.0928805237315875,0.397758511313174,0.45714285714285713,0.08076155381544603,0.015648128568407697,0.05711653615845233
1486,1,Support/Utility Player,3,1.1935107376283847,0.38607031597685804,0.5135135135135135,0.08478513356562137,0.040943480195816645,0.08544881367181019
1488,0,Passive/Low Impact,2,1.0255102040816326,0.32142857142857145,0.45,0.05813953488372093,0.020833333333333332,0.06395348837209301
1489,2,Balanced Aggressor,0,1.5058400718778078,0.41272965879265094,0.4098360655737705,0.09017496635262451,0.03805774278215223,0.05047106325706594
1491,0,Passive/Low Impact,2,0.7014388489208633,0.4082840236686391,0.14285714285714285,0.06000000000000001,0.0,0.04666666666666667
1492,1,Support/Utility Player,3,1.0851657940663177,0.3276690062800148,0.4825174825174825,0.07223833377273926,0.027336534909493906,0.0893751647772212
1493,2,Balanced Aggressor,1,1.090316573556797,0.3843023255813954,0.4346153846153846,0.08928309632018766,0.013565891472868217,0.06450667057616186
1497,3,Dominant Fragger,0,1.5850746268656717,0.3446808510638298,0.7272727272727273,0.14534883720930233,0.014893617021276596,0.06589147286821706
1498,1,Support/Utility Player,3,1.275992438563327,0.3389544688026982,0.6666666666666666,0.06166219839142091,0.023608768971332208,0.08176943699731903
1499,1,Support/Utility Player,3,1.410879067508499,0.3891367604267701,0.5614035087719298,0.08799206086668872,0.031037827352085354,0.09262322196493548
1500,1,Support/Utility Player,3,0.9222972972972973,0.4655870445344129,0.4,0.05958549222797928,0.024291497975708502,0.10103626943005181
1501,0,Passive/Low Impact,2,1.0359678182678658,0.33810010214504593,0.3582089552238806,0.07724346838318819,0.01634320735444331,0.048087845513063235
1502,0,Passive/Low Impact,3,0.8960205391527599,0.2883031301482702,0.5263157894736842,0.08634538152610442,0.044481054365733116,0.04116465863453816
1503,3,Dominant Fragger,0,1.481308411214953,0.347787610619469,0.66,0.10366328916601715,0.023893805309734513,0.07716289945440374
1504,2,Balanced Aggressor,1,1.0739267015706806,0.3806905652078293,0.4678111587982833,0.10221217503633134,0.024631625247415877,0.0421443565315679
1505,2,Balanced Aggressor,1,1.02710027100271,0.3022151898734177,0.3939393939393939,0.13859275053304904,0.03639240506329114,0.050106609808102345
1506,2,Balanced Aggressor,0,1.1971383147853736,0.4083769633507854,0.5901639344262295,0.11430317848410758,0.02019446522064323,0.04828850855745721
1508,3,Dominant Fragger,0,1.1575957485798056,0.5151299394802421,0.5241935483870968,0.14846968805179517,0.03203987184051264,0.0272218952324897
1509,2,Balanced Aggressor,1,1.1867816091954022,0.43938442211055273,0.48344370860927155,0.12367149758454107,0.029836683417085424,0.06908212560386474
1510,1,Support/Utility Player,3,1.1364042933810377,0.2908348457350272,0.5258620689655172,0.07422879177377892,0.04083484573502722,0.10379177377892031
1512,2,Balanced Aggressor,1,1.035,0.29878048780487804,0.5454545454545454,0.09701492537313433,0.024390243902439025,0.0373134328358209
1515,0,Passive/Low Impact,2,0.8565217391304346,0.34146341463414637,0.36363636363636365,0.06896551724137931,0.042682926829268296,0.03793103448275862
1516,2,Balanced Aggressor,1,1.2027871215761652,0.37976422112853386,0.45268542199488493,0.10867749419953597,0.009111917676807605,0.043062645011600925
1517,1,Support/Utility Player,3,0.9346153846153846,0.352112676056338,0.6923076923076923,0.0696969696969697,0.01408450704225352,0.06363636363636364
1519,0,Passive/Low Impact,2,0.8907363420427554,0.36474164133738596,0.18181818181818182,0.07312614259597806,0.0182370820668693,0.0603290676416819
1520,3,Dominant Fragger,0,1.333132530120482,0.33281893004115226,0.5476190476190477,0.12598425196850394,0.033950617283950615,0.05774278215223097
1521,1,Support/Utility Player,3,1.1682127396413111,0.3054003724394786,0.6785714285714286,0.0926007975188303,0.0223463687150838,0.05892778023925565
1522,1,Support/Utility Player,3,1.1755233494363928,0.2776,0.5161290322580645,0.06014580801944107,0.024800000000000003,0.08323207776427705
1523,0,Passive/Low Impact,2,0.9328000000000001,0.31600000000000006,0.36666666666666664,0.054254007398273726,0.01,0.08014796547472257
1524,3,Dominant Fragger,0,1.2683114880493447,0.3718487394957983,0.5833333333333334,0.133492252681764,0.03851540616246498,0.032777115613825986
1525,1,Support/Utility Player,3,1.272196261682243,0.3661538461538461,0.4318181818181818,0.09060118543607112,0.036923076923076927,0.1354784081287045
1527,2,Balanced Aggressor,2,0.8897727272727272,0.3274336283185841,0.5348837209302325,0.10615521855486174,0.017699115044247787,0.06958073148974131
1529,3,Dominant Fragger,0,1.3658178256611164,0.38356697819314645,0.46464646464646464,0.14581791265729088,0.036543516355140186,0.041820873427091045
1530,2,Balanced Aggressor,2,0.9597701149425287,0.3678571428571428,0.5333333333333333,0.07623318385650224,0.010714285714285714,0.033632286995515695
1531,2,Balanced Aggressor,0,1.2019292604501608,0.39727685325264755,0.4936708860759494,0.10076797765883175,0.019969742813918306,0.0442168955084943
1533,0,Passive/Low Impact,2,1.0248640248640248,0.2810858143607706,0.532258064516129,0.08481613285883749,0.002626970227670753,0.057532621589561087
1534,3,Dominant Fragger,1,1.31672689726381,0.39122883195831526,0.4744897959183674,0.1548011639185257,0.01910551454624403,0.06304558680892337
1535,1,Support/Utility Player,1,1.1466905187835421,0.42581211589113255,0.4727272727272727,0.10529845741113346,0.035996488147497806,0.07981220657276995
1536,3,Dominant Fragger,0,1.3567362428842507,0.36726926736441484,0.5255474452554745,0.1153217011995638,0.03393593403108151,0.07415485278080698
1539,1,Support/Utility Player,0,1.3598086124401916,0.36278606965174126,0.5789473684210527,0.08544303797468354,0.030049751243781092,0.06079280479680214
1540,3,Dominant Fragger,0,1.3912727272727272,0.5796252927400468,0.5342465753424658,0.10631578947368421,0.032201405152224825,0.06210526315789474
1543,2,Balanced Aggressor,1,1.0545863815419247,0.3931333127126508,0.45930232558139533,0.11756601607347876,0.03495205691308382,0.036280137772675095
1544,2,Balanced Aggressor,0,1.1714407866609662,0.4489880214787278,0.40336134453781514,0.14217848659653884,0.02973977695167286,0.03698676620291822
1545,1,Support/Utility Player,3,1.2069444444444444,0.3269578702507108,0.4948453608247423,0.08655152338443624,0.04445593176531404,0.0731612652823598
1546,1,Support/Utility Player,1,1.0880733944954126,0.42789373814041753,0.3770491803278688,0.05816259087904825,0.03130929791271348,0.07402511566424323
1547,3,Dominant Fragger,0,1.195806451612903,0.4248502994011977,0.5666666666666667,0.1393685249136655,0.04311377245508982,0.050814010853478045
1548,1,Support/Utility Player,3,1.097125097125097,0.27468879668049795,0.5294117647058824,0.0661925601750547,0.012448132780082988,0.0962800875273523
1551,0,Passive/Low Impact,2,0.8896890343698853,0.35767634854771785,0.2967741935483871,0.11279037223621607,0.017427385892116183,0.05317660229499021
1553,2,Balanced Aggressor,2,1.0215264187866928,0.29438202247191014,0.5517241379310345,0.09333333333333334,0.011235955056179777,0.05333333333333334
1554,0,Passive/Low Impact,2,1.0480427046263345,0.2726915520628684,0.4864864864864865,0.06501784803671597,0.02413161728345562,0.0660377358490566
1555,1,Support/Utility Player,3,1.107701051435067,0.3435582822085889,0.5083798882681564,0.08657648283038503,0.04645048203330412,0.07575442247658688
1556,2,Balanced Aggressor,1,1.1552609067579125,0.319555182543013,0.4788135593220339,0.10726098598204442,0.027392612565959235,0.046779020318160336
1557,2,Balanced Aggressor,1,1.1520119225037257,0.4927325581395349,0.4411764705882353,0.10923423423423424,0.02616279069767442,0.056306306306306314
1558,3,Dominant Fragger,0,1.3677298311444652,0.4829192546583851,0.6071428571428571,0.16956521739130437,0.003105590062111801,0.03768115942028986
1560,1,Support/Utility Player,3,0.9921087242437527,0.3249243188698285,0.37606837606837606,0.0762423417290674,0.052976791120080725,0.0752212389380531
1561,2,Balanced Aggressor,1,1.0208978328173375,0.42702702702702705,0.48333333333333334,0.09912718204488777,0.027485112230874943,0.03428927680798005
1562,0,Passive/Low Impact,2,1.0256502890173411,0.3780297107114933,0.37410071942446044,0.08296213808463251,0.032056293979671614,0.0467706013363029
1563,2,Balanced Aggressor,1,1.0664335664335667,0.3840304182509505,0.6,0.09042553191489361,0.011406844106463879,0.02127659574468085
1564,3,Dominant Fragger,0,1.5314401622718052,0.4043795620437956,0.6428571428571429,0.16405135520684735,0.01897810218978102,0.03851640513552068
1565,2,Balanced Aggressor,0,1.0768037238169124,0.3646960865945046,0.6166666666666667,0.13275968039336203,0.026644462947543714,0.037492317148125384
1566,1,Support/Utility Player,3,0.9815950920245399,0.30123456790123454,0.4782608695652174,0.04776579352850539,0.029629629629629627,0.09399075500770418
1567,1,Support/Utility Player,1,1.145658263305322,0.4264840182648402,0.4444444444444444,0.07833677923271307,0.032267884322678846,0.07190443372386861
1569,2,Balanced Aggressor,1,1.2466076696165191,0.36564805057955746,0.5465116279069767,0.12244897959183673,0.014225500526870391,0.06610470275066549
1571,2,Balanced Aggressor,1,1.0881226053639845,0.3615428900402994,0.4842105263157895,0.09578696343402225,0.029936672423719057,0.06160572337042925
1572,3,Dominant Fragger,0,1.5988483685220727,0.31213613972234666,0.6956521739130435,0.12194074710176041,0.017913121361397225,0.07642765135251181
1573,3,Dominant Fragger,0,2.0965250965250966,0.32454361054766734,0.5,0.14841849148418493,0.004056795131845842,0.06326034063260341
1574,3,Dominant Fragger,0,1.3473389355742298,0.30037082818294186,0.5526315789473685,0.1525252525252525,0.022249690976514212,0.06565656565656565
1575,1,Support/Utility Player,3,1.0522088353413654,0.3590859630032644,0.5576923076923077,0.06578947368421054,0.08052230685527748,0.07456140350877194
1578,2,Balanced Aggressor,1,1.2406542056074767,0.33804347826086956,0.46551724137931033,0.11907203281209947,0.02934782608695652,0.0616508587541656
1581,1,Support/Utility Player,3,1.1109765940274416,0.32244556113902845,0.5193798449612403,0.07640711577719451,0.058626465661641536,0.07961504811898514
1582,2,Balanced Aggressor,1,1.06195462478185,0.3943661971830986,0.4444444444444444,0.09553695955369595,0.016901408450704224,0.04672245467224547
1584,1,Support/Utility Player,2,1.1017293997965412,0.3111111111111111,0.44680851063829785,0.0888208269525268,0.03174603174603175,0.06355283307810107
1585,0,Passive/Low Impact,2,0.7675097276264592,0.33446932814021424,0.363013698630137,0.06182795698924731,0.03261927945472249,0.08602150537634408
1587,0,Passive/Low Impact,3,0.898550724637681,0.40764331210191085,0.4,0.06968641114982578,0.01910828025477707,0.0627177700348432
1589,3,Dominant Fragger,0,1.4816513761467889,0.36531791907514455,0.6944444444444444,0.14859002169197397,0.019653179190751442,0.06616052060737528
1590,0,Passive/Low Impact,2,0.687683284457478,0.31503267973856214,0.3968253968253968,0.03529411764705882,0.009150326797385621,0.04470588235294117
1591,2,Balanced Aggressor,0,1.1976190476190476,0.33460754332313963,0.45,0.12994696042431658,0.020897043832823647,0.04834761321909425
1592,2,Balanced Aggressor,1,1.1073359073359075,0.3714733542319749,0.391304347826087,0.11524163568773235,0.018025078369905953,0.05328376703841389
1593,1,Support/Utility Player,3,1.1139066788655076,0.3693101830126701,0.5689655172413793,0.0922103861517976,0.038010323791647115,0.07456724367509986
1594,1,Support/Utility Player,3,1.1401551891367603,0.33532635774788244,0.5714285714285714,0.09418767507002801,0.041355256601893375,0.07352941176470588
1595,2,Balanced Aggressor,1,1.075757575757576,0.3325330132052821,0.38636363636363635,0.08976660682226213,0.02160864345738295,0.036804308797127476
1596,3,Dominant Fragger,0,1.6825127334465195,0.4328187535734706,0.6119402985074627,0.13902147971360382,0.02572898799313894,0.08233890214797136
1597,2,Balanced Aggressor,1,1.1687331536388141,0.4677754677754678,0.43820224719101125,0.10383653044203503,0.011954261954261955,0.04462051709758132
1599,1,Support/Utility Player,1,1.205193600741943,0.4347264110297286,0.5065502183406113,0.09568574785966089,0.03899181387333046,0.07201611549437635
1600,1,Support/Utility Player,1,1.0895522388059702,0.3549768105601142,0.5374149659863946,0.09828629032258063,0.032108455226542994,0.07711693548387097
1602,1,Support/Utility Player,3,1.12577065351418,0.4393662400975015,0.5232558139534884,0.08558758314855876,0.04875076173065204,0.0909090909090909
1603,3,Dominant Fragger,0,1.307609282245008,0.43888888888888894,0.5789473684210527,0.11575063119052242,0.046803822539116656,0.07205282579141581
1604,2,Balanced Aggressor,1,1.044973544973545,0.2866141732283464,0.55,0.12043435340572556,0.003149606299212599,0.04738400789733465
1605,0,Passive/Low Impact,2,0.9214365881032548,0.24305555555555555,0.5416666666666666,0.05405405405405406,0.0125,0.0728910728910729
1606,1,Support/Utility Player,3,0.976,0.4342723004694836,0.64,0.0891812865497076,0.018779342723004695,0.10380116959064328
1607,1,Support/Utility Player,1,1.0533333333333332,0.2923926901827454,0.5230769230769231,0.11856696047767984,0.0488737781555461,0.05004264998578333
1608,1,Support/Utility Player,3,1.3065088757396448,0.34351949420442573,0.5111111111111111,0.09865092748735245,0.03477344573234984,0.0851602023608769
1610,3,Dominant Fragger,0,1.2612527541706013,0.46053006554573955,0.5432098765432098,0.10162969669533725,0.028783129096608722,0.07944771389769126
1612,2,Balanced Aggressor,0,1.0887290167865709,0.4267185473411154,0.6190476190476191,0.1320574162679426,0.006485084306095979,0.03253588516746412
1613,2,Balanced Aggressor,0,1.0854555744199208,0.4148842660416056,0.46551724137931033,0.1160904822876654,0.023439789041898623,0.061246265471617586
1614,2,Balanced Aggressor,1,1.0572450805008944,0.3870352716873212,0.5175438596491229,0.08416169648774022,0.016682554814108675,0.05864811133200795
1616,1,Support/Utility Player,3,1.1327433628318586,0.3273542600896861,0.6153846153846154,0.0588235294117647,0.004484304932735427,0.10835913312693499
1619,2,Balanced Aggressor,1,1.2581967213114755,0.3971119133574007,0.3333333333333333,0.13870967741935486,0.03610108303249098,0.06451612903225806
1620,2,Balanced Aggressor,1,1.125636393496469,0.37426132632961256,0.41946308724832215,0.1275806651007541,0.04005252790544977,0.04030164420818396
1621,2,Balanced Aggressor,3,1.1550387596899223,0.28715083798882685,0.6511627906976745,0.10601001669449081,0.03128491620111732,0.049248747913188645
1622,2,Balanced Aggressor,1,0.9834710743801651,0.40092165898617516,0.4166666666666667,0.08637873754152824,0.0,0.05647840531561462
1623,0,Passive/Low Impact,1,1.131585336246662,0.299373795761079,0.47465437788018433,0.08015267175572519,0.025289017341040464,0.046148507980569055
1625,3,Dominant Fragger,0,1.5762962962962965,0.3837209302325581,0.7560975609756098,0.09626168224299066,0.024312896405919663,0.07289719626168224
1626,1,Support/Utility Player,3,1.2779403159742537,0.29064296915839,0.48936170212765956,0.08081632653061224,0.03972817564035546,0.0689795918367347
1628,3,Dominant Fragger,0,1.486741573033708,0.40805546384945524,0.4224137931034483,0.14460217893694288,0.029052492571805873,0.07791350280620667
1630,3,Dominant Fragger,0,1.2422997946611911,0.44676806083650183,0.5833333333333334,0.12995245641838352,0.01520912547528517,0.03803486529318542
1632,2,Balanced Aggressor,1,1.1520383693045564,0.3086089494163424,0.47783251231527096,0.12102846648301194,0.017509727626459144,0.05895316804407713
1633,0,Passive/Low Impact,2,0.928525434642627,0.33191489361702126,0.4868421052631579,0.0599101347978033,0.01957446808510638,0.0763854218671992
1634,1,Support/Utility Player,3,0.9481961147086033,0.28128587830080365,0.4915254237288136,0.07127734650670431,0.04707233065442021,0.0649258997882851
1636,2,Balanced Aggressor,1,1.2717149220489978,0.30781692993114623,0.5,0.12414243711205489,0.021871202916160386,0.05847762169225744
1639,2,Balanced Aggressor,1,1.197745677391114,0.3519775837913568,0.4617117117117117,0.10705026344400768,0.024411052701103997,0.048674416659697246
1640,0,Passive/Low Impact,2,0.9724025974025973,0.21039290240811154,0.44680851063829785,0.08500590318772137,0.021546261089987327,0.09248327430145611
1642,0,Passive/Low Impact,2,0.9841082989994114,0.3031141868512111,0.5,0.05427350427350427,0.02422145328719723,0.061538461538461535
1643,2,Balanced Aggressor,1,1.1039290240811153,0.308,0.5609756097560976,0.09600760456273763,0.019133333333333332,0.05703422053231939
1645,3,Dominant Fragger,0,1.7980769230769234,0.45330739299610895,0.6666666666666666,0.19870410367170627,0.013618677042801557,0.021598272138228944
1646,0,Passive/Low Impact,1,1.0958657878969442,0.3149856824689787,0.47674418604651164,0.0738774607387746,0.016001399192115403,0.05197965051979651
1647,1,Support/Utility Player,3,1.1448275862068966,0.33333333333333337,0.36363636363636365,0.08465608465608465,0.027777777777777776,0.09523809523809523
1648,3,Dominant Fragger,0,1.6040955631399316,0.291699604743083,0.7115384615384616,0.10585585585585586,0.016600790513833993,0.05705705705705706
1649,2,Balanced Aggressor,1,1.1390887290167864,0.3477751756440281,0.5555555555555556,0.11594202898550725,0.01873536299765808,0.0784313725490196
1652,2,Balanced Aggressor,1,1.1078180889115994,0.3190249072602014,0.4020618556701031,0.09768536681051394,0.015898251192368842,0.04040800313848568
1653,1,Support/Utility Player,1,1.112211221122112,0.35175879396984927,0.5862068965517241,0.11341463414634147,0.06197654941373535,0.03658536585365854
1655,0,Passive/Low Impact,2,0.928348909657321,0.39097744360902253,0.3333333333333333,0.05152224824355973,0.018796992481203006,0.0819672131147541
1656,1,Support/Utility Player,3,0.9543985637342908,0.34222027972027974,0.5211267605633803,0.06668452062131762,0.04326923076923077,0.06882699517943225
1657,1,Support/Utility Player,3,1.1517467248908297,0.3231441048034935,0.5555555555555556,0.09738717339667459,0.026200873362445417,0.08155186064924781
1658,1,Support/Utility Player,2,1.0094339622641508,0.3324538258575198,0.5714285714285714,0.07581227436823106,0.018469656992084433,0.07220216606498195
1660,3,Dominant Fragger,0,1.4931880108991824,0.3399662731871838,0.5932203389830508,0.17751084417751087,0.007419898819561552,0.0657323990657324
1661,1,Support/Utility Player,3,0.9692307692307691,0.31626506024096385,0.6190476190476191,0.05330882352941176,0.03313253012048193,0.05882352941176471
1662,0,Passive/Low Impact,2,0.9195652173913044,0.3365906623235614,0.5,0.08058353594998263,0.015743756786102063,0.03195554011809656
1663,1,Support/Utility Player,1,1.0215589840328774,0.3780552402572834,0.517426273458445,0.08282606526294782,0.033446840711312896,0.06177028240694542
1664,3,Dominant Fragger,0,1.2642725598526705,0.48735244519392923,0.6,0.14110871130309574,0.01854974704890388,0.04319654427645788
1665,2,Balanced Aggressor,1,1.0620689655172415,0.4204545454545454,0.4666666666666667,0.07532467532467532,0.022727272727272728,0.049350649350649346
1666,0,Passive/Low Impact,2,0.8016194331983806,0.31896551724137934,0.3333333333333333,0.06430868167202572,0.04597701149425287,0.04340836012861736
1668,1,Support/Utility Player,0,1.2192307692307693,0.39930555555555547,0.5714285714285714,0.09814323607427056,0.034722222222222224,0.058355437665782495
1670,2,Balanced Aggressor,1,1.2658569500674763,0.30098536876679605,0.4689655172413793,0.14498610760293001,0.01292881788925384,0.0717352866885577
1671,0,Passive/Low Impact,3,0.9188311688311689,0.3405172413793104,0.42857142857142855,0.07329842931937174,0.034482758620689655,0.08376963350785342
1673,1,Support/Utility Player,2,1.1360759493670884,0.3221476510067114,0.5294117647058824,0.0774818401937046,0.010067114093959731,0.08716707021791768
1674,2,Balanced Aggressor,0,1.1558704453441295,0.36852589641434264,0.5217391304347826,0.16420361247947454,0.01593625498007968,0.05090311986863711
1677,0,Passive/Low Impact,2,0.9827513672696677,0.18073438245112064,0.4576271186440678,0.11988011988011987,0.004291845493562233,0.05727605727605727
1679,0,Passive/Low Impact,2,0.6428571428571429,0.2746478873239437,0.21428571428571427,0.056962025316455694,0.007042253521126761,0.050632911392405056
1681,0,Passive/Low Impact,2,1.091917591125198,0.26235093696763206,0.5483870967741935,0.06347305389221558,0.025553662691652473,0.06467065868263475
1682,3,Dominant Fragger,0,1.3132996132103538,0.5048395313295976,0.4678362573099415,0.13137727173199037,0.02292409577177789,0.041164878476023646
1684,1,Support/Utility Player,3,1.2393975426080064,0.352256446991404,0.4717741935483871,0.0988224772693397,0.056948424068767906,0.045461320614100464
1685,1,Support/Utility Player,3,0.8882978723404255,0.3673469387755102,0.6,0.06463878326996197,0.054421768707483,0.030418250950570342
1686,0,Passive/Low Impact,2,0.6327944572748269,0.2102803738317757,0.23529411764705882,0.10043668122270742,0.018691588785046728,0.030567685589519653
1688,3,Dominant Fragger,0,1.332142857142857,0.4629349470499243,0.55,0.12788398154251812,0.0226928895612708,0.04021094264996704
1689,0,Passive/Low Impact,2,0.844988344988345,0.28264462809917357,0.375,0.08729388942774007,0.006611570247933885,0.021338506304558684
1691,2,Balanced Aggressor,1,1.255090765588003,0.36863079988613723,0.5210843373493976,0.12177079776943213,0.023199544548818674,0.07090019346762262
1695,0,Passive/Low Impact,2,0.9612403100775194,0.3716814159292035,0.4,0.07798165137614678,0.026548672566371678,0.027522935779816512
1697,3,Dominant Fragger,0,1.5965811965811965,0.4988151658767772,0.6774193548387096,0.13203214695752008,0.020142180094786726,0.08725602755453502
1698,3,Dominant Fragger,0,1.2275862068965517,0.42134831460674155,0.6,0.13592233009708737,0.02247191011235955,0.038834951456310676
1699,0,Passive/Low Impact,2,1.023529411764706,0.2956419316843345,0.3888888888888889,0.09243027888446216,0.01884570082449941,0.05418326693227092
1700,3,Dominant Fragger,0,1.7412935323383083,0.45307443365695793,0.7,0.15100671140939598,0.006472491909385114,0.1174496644295302
1702,1,Support/Utility Player,1,1.2555496828752641,0.21470160116448328,0.35555555555555557,0.12547608971646212,0.016496846191169336,0.09035124841303428
1703,0,Passive/Low Impact,2,0.9503042596348885,0.2899628252788104,0.4421052631578947,0.06900584795321638,0.018587360594795536,0.06783625730994151
1704,1,Support/Utility Player,3,1.377245508982036,0.3804878048780488,0.3,0.06302521008403361,0.01951219512195122,0.13025210084033614
1706,2,Balanced Aggressor,1,1.1138292561158263,0.4844064386317908,0.5841584158415841,0.08292313517606967,0.025653923541247486,0.050359712230215826
1707,1,Support/Utility Player,0,1.2107107107107107,0.5113478462251042,0.5596330275229358,0.10260993922059349,0.03427512737378416,0.08723632463353592
1708,2,Balanced Aggressor,0,1.024173027989822,0.5208333333333334,0.5151515151515151,0.12486772486772486,0.019345238095238096,0.02433862433862434
1709,2,Balanced Aggressor,1,0.9823677581863981,0.4555722891566265,0.46835443037974683,0.07567049808429119,0.024096385542168672,0.06561302681992337
1710,1,Support/Utility Player,3,1.5763052208835344,0.3958333333333333,0.5185185185185185,0.13566433566433567,0.04444444444444444,0.14125874125874127
1711,0,Passive/Low Impact,2,0.8837920489296637,0.3783783783783784,0.23529411764705882,0.04491725768321513,0.02702702702702703,0.06619385342789598
1712,2,Balanced Aggressor,1,1.1630901287553648,0.38396624472573837,0.5,0.07714285714285714,0.025316455696202528,0.02571428571428571
1714,2,Balanced Aggressor,1,1.0322033898305085,0.3211538461538461,0.41935483870967744,0.10225763612217796,0.021153846153846155,0.03851261620185923
1717,2,Balanced Aggressor,1,1.1292186777623672,0.35960264900662253,0.4146341463414634,0.15320433161725547,0.032609401376444615,0.027871471684715075
1718,3,Dominant Fragger,0,1.3519163763066202,0.4534883720930233,0.8,0.12814070351758794,0.0436046511627907,0.047738693467336675
1719,0,Passive/Low Impact,2,0.9523039611964431,0.3162768031189083,0.4262295081967213,0.056138186304750155,0.01949317738791423,0.07896360271437383
1720,2,Balanced Aggressor,1,1.0835691693024803,0.5226548672566372,0.45263157894736844,0.1056964546540964,0.02424778761061947,0.037046872925242336
1721,1,Support/Utility Player,3,1.155049786628734,0.38566243194192373,0.5412844036697247,0.06814310051107327,0.024047186932849365,0.08654173764906303
1722,1,Support/Utility Player,1,1.3044140030441402,0.4025764895330113,0.5777777777777777,0.08529493215175853,0.05152979066022544,0.060924951536970376
1723,2,Balanced Aggressor,1,1.0873949579831932,0.34664246823956446,0.48214285714285715,0.11971372804163954,0.020871143375680582,0.05335068314899154
1724,2,Balanced Aggressor,1,1.2319915254237288,0.35408560311284043,0.5833333333333334,0.10181531176006314,0.007782101167315174,0.06471981057616417
1730,0,Passive/Low Impact,2,0.5209302325581395,0.23214285714285712,0.16666666666666666,0.16883116883116883,0.008928571428571428,0.012987012987012988
1732,1,Support/Utility Player,3,1.1764705882352942,0.286231884057971,0.6428571428571429,0.08108108108108109,0.014492753623188404,0.07027027027027027
1733,0,Passive/Low Impact,2,0.797979797979798,0.3490566037735849,0.25,0.055865921787709494,0.02830188679245283,0.1005586592178771
1734,0,Passive/Low Impact,2,0.8992460589444825,0.3121739130434783,0.47761194029850745,0.06917542888765911,0.036521739130434785,0.05866076369673492
1735,2,Balanced Aggressor,1,1.1738461538461538,0.3972911963882619,0.5352112676056338,0.07862679955703211,0.027840481565086533,0.05315614617940199
1736,2,Balanced Aggressor,1,1.1234119782214158,0.32654949121184085,0.5272727272727272,0.10321257689678742,0.025901942645698423,0.05878332194121667
1737,2,Balanced Aggressor,0,1.074110671936759,0.42991631799163177,0.5490196078431373,0.12259059367771782,0.007322175732217573,0.04086353122590594
1738,2,Balanced Aggressor,1,1.2001276731567188,0.4094973789700894,0.5625,0.0965141095565568,0.01942645698427382,0.07161489210339103
1740,0,Passive/Low Impact,2,1.0488721804511276,0.24495476687543496,0.4875,0.08394338701805758,0.002783576896311761,0.05710102489019033
1741,2,Balanced Aggressor,1,1.1395061728395062,0.5006134969325153,0.46153846153846156,0.10130111524163568,0.023312883435582823,0.061338289962825275
1743,0,Passive/Low Impact,2,0.6459731543624161,0.3414084507042254,0.28484848484848485,0.04463799673380512,0.03211267605633803,0.08138268916712031
1744,2,Balanced Aggressor,1,1.101594099452772,0.44823386114494523,0.4807692307692308,0.10865595325054785,0.018514007308160777,0.077063550036523
1746,0,Passive/Low Impact,2,0.7420494699646643,0.20833333333333334,0.4666666666666667,0.032092426187419774,0.016666666666666666,0.07958921694480102
1748,1,Support/Utility Player,3,1.0492610837438425,0.33879781420765026,0.631578947368421,0.0749063670411985,0.040983606557377046,0.04681647940074906
1750,2,Balanced Aggressor,1,0.9685912240184757,0.337557603686636,0.5520833333333334,0.09467455621301774,0.016705069124423964,0.04511834319526627
1751,1,Support/Utility Player,3,1.194792671166827,0.27437858508604207,0.5833333333333334,0.07692307692307693,0.011472275334608031,0.11608391608391609
1752,1,Support/Utility Player,3,0.8931082981715893,0.3352165725047081,0.5555555555555556,0.05344295991778006,0.032015065913371,0.09558067831449127
1754,3,Dominant Fragger,0,1.5435745937961594,0.5071507150715071,0.6944444444444444,0.15193965517241378,0.023102310231023104,0.028017241379310342
1755,0,Passive/Low Impact,2,0.7994858611825193,0.2924901185770751,0.4444444444444444,0.03792415169660679,0.007905138339920948,0.04590818363273453
1756,2,Balanced Aggressor,1,1.156240369799692,0.37480939310765476,0.5523255813953488,0.10076992753623189,0.018908203720646537,0.06317934782608696
1757,3,Dominant Fragger,0,1.3876063183475091,0.40444893832153694,0.7045454545454546,0.12588028169014084,0.010111223458038422,0.05985915492957747
1759,0,Passive/Low Impact,2,0.908108108108108,0.37122557726465366,0.5428571428571428,0.06772486772486773,0.028419182948490232,0.044444444444444446
1762,1,Support/Utility Player,1,1.1233702337023372,0.2613608450012282,0.5407407407407407,0.11361121357432682,0.011913534758044707,0.09295462928808558
1763,1,Support/Utility Player,3,1.2364609571788412,0.2753303964757709,0.5476190476190477,0.12099484651579656,0.1307819383259912,0.09634774815146763
1767,1,Support/Utility Player,3,1.2237586423632936,0.3629366489046773,0.6162790697674418,0.07723761926397092,0.04026050917702782,0.0781462971376647
1768,1,Support/Utility Player,3,1.1199309749784299,0.2945804195804196,0.5517241379310345,0.09840255591054314,0.05769230769230769,0.08434504792332267
1769,1,Support/Utility Player,2,1.0804326723061988,0.35282021151586374,0.4469914040114613,0.06387896616936331,0.02232667450058755,0.08068922042445892
1772,1,Support/Utility Player,3,1.1185502139441228,0.3713133350138644,0.5566502463054187,0.08943382618103138,0.048903453491303255,0.09412188965019835
1773,2,Balanced Aggressor,1,1.1608727810650887,0.31803513804230904,0.4357142857142857,0.09686003193187867,0.02760846181427035,0.05721128259712613
1774,2,Balanced Aggressor,1,1.3709428129829984,0.37922077922077924,0.375,0.1152073732718894,0.02857142857142857,0.07373271889400922
1775,3,Dominant Fragger,0,1.273301737756714,0.4727323316638843,0.5723270440251572,0.11282771535580524,0.017529215358931555,0.07560861423220974
1777,1,Support/Utility Player,1,1.4769278414369773,0.2670836228862636,0.4576271186440678,0.1029723991507431,0.010887190178364604,0.10169851380042462
1778,2,Balanced Aggressor,0,1.1564291564291562,0.4107438016528926,0.5409836065573771,0.12178279974890144,0.01322314049586777,0.026993094789704956
1780,2,Balanced Aggressor,1,1.1585473870682022,0.3582608695652174,0.5423728813559322,0.0930383864671438,0.03217391304347826,0.05074821080026025
1781,1,Support/Utility Player,1,1.115264797507788,0.4358974358974359,0.375,0.08571428571428572,0.028846153846153848,0.0761904761904762
1782,1,Support/Utility Player,1,1.1548180592991912,0.428177691309987,0.5423728813559322,0.08632286995515695,0.04085603112840467,0.07747882411559542
1783,2,Balanced Aggressor,0,1.1848101265822786,0.3525179856115108,0.6086956521739131,0.13996316758747698,0.007194244604316546,0.040515653775322284
1786,0,Passive/Low Impact,3,0.5777027027027027,0.25263157894736843,0.5,0.030789825970548863,0.02456140350877193,0.09772423025435074
1787,2,Balanced Aggressor,1,1.2006688963210703,0.3160453808752026,0.5666666666666667,0.10396039603960396,0.017828200972447326,0.06311881188118812
1788,2,Balanced Aggressor,0,1.0718861209964414,0.45671641791044776,0.6176470588235294,0.1185595567867036,0.023134328358208955,0.04210526315789474
1789,3,Dominant Fragger,0,1.4431372549019605,0.4146341463414634,0.5,0.12137203166226912,0.018292682926829267,0.07387862796833773
1790,0,Passive/Low Impact,2,1.108433734939759,0.3391812865497076,0.4117647058823529,0.07383966244725737,0.023391812865497075,0.0780590717299578
1795,2,Balanced Aggressor,1,1.0093167701863355,0.3706293706293706,0.4,0.13098236775818642,0.02097902097902098,0.04030226700251889
1796,2,Balanced Aggressor,1,1.1205709915880702,0.3682704811443433,0.48128342245989303,0.10322706065318818,0.0223667100130039,0.07328926905132194
1797,1,Support/Utility Player,3,1.230379746835443,0.3817527010804322,0.6097560975609756,0.09467989179440939,0.032412965186074436,0.09197475202885484
1798,2,Balanced Aggressor,1,1.3130193905817176,0.36363636363636365,0.5555555555555556,0.11739130434782608,0.0,0.049999999999999996
1800,0,Passive/Low Impact,2,0.9539170506912442,0.29699248120300753,0.42424242424242425,0.0785276073619632,0.005639097744360903,0.04539877300613498
1801,1,Support/Utility Player,3,1.0898058252427185,0.3589108910891089,0.5909090909090909,0.06759098786828423,0.04702970297029703,0.0779896013864818
1802,1,Support/Utility Player,1,1.210344827586207,0.3532258064516129,0.4482758620689655,0.09346991037131883,0.03225806451612903,0.06658130601792574
1804,2,Balanced Aggressor,2,0.8390092879256965,0.4166666666666667,0.5714285714285714,0.08493150684931507,0.009259259259259259,0.01095890410958904
1805,3,Dominant Fragger,0,1.4564164648910412,0.4061338289962825,0.6458333333333334,0.09000825763831545,0.013011152416356878,0.06110652353426919
1806,3,Dominant Fragger,0,1.3058419243986255,0.4246987951807229,0.5333333333333333,0.13783783783783782,0.021084337349397592,0.029729729729729728
1807,0,Passive/Low Impact,2,0.9946438136047133,0.2336448598130841,0.36,0.06438631790744467,0.03613707165109034,0.05995975855130784
1808,3,Dominant Fragger,1,1.4090909090909092,0.3157689305230289,0.4953271028037383,0.13486670151594354,0.00741608118657299,0.08538072834988673
1809,2,Balanced Aggressor,1,1.0806045340050379,0.2757731958762886,0.42105263157894735,0.10975609756097561,0.007731958762886597,0.03048780487804878
1810,1,Support/Utility Player,3,1.1457905544147844,0.2920892494929006,0.5,0.0855457227138643,0.034482758620689655,0.06489675516224189
1811,1,Support/Utility Player,3,1.1848428835489835,0.3652694610778443,0.5272727272727272,0.1260898725687458,0.02566295979469632,0.09859154929577464
1812,2,Balanced Aggressor,1,1.151672433679354,0.3613875462041513,0.40782122905027934,0.08436944937833038,0.02416832527722491,0.04595914742451155
1813,2,Balanced Aggressor,0,1.260115606936416,0.4847262247838617,0.52,0.12627986348122866,0.0138328530259366,0.03217942467089225
1815,2,Balanced Aggressor,1,1.3612823674475956,0.33908629441624366,0.4523809523809524,0.1108058608058608,0.013197969543147208,0.06501831501831502
1816,1,Support/Utility Player,3,1.0362745098039217,0.3755230125523013,0.4339622641509434,0.08994334277620397,0.05774930264993027,0.053824362606232294
1818,0,Passive/Low Impact,2,0.951417004048583,0.327887323943662,0.46534653465346537,0.056994818652849735,0.02731267605633803,0.039378238341968914
1819,2,Balanced Aggressor,0,1.2476751394916306,0.4211836283185841,0.48466257668711654,0.1058579335793358,0.025719026548672568,0.054197416974169736
1820,1,Support/Utility Player,3,0.9868873602751504,0.3905325443786982,0.3984375,0.06782977335724767,0.05498027613412229,0.06587314527963477
1821,2,Balanced Aggressor,1,1.1464794226643262,0.4197177726926011,0.5141700404858299,0.13426637957551524,0.02059496567505721,0.07167025530605967
1822,0,Passive/Low Impact,2,0.9365079365079365,0.3568627450980392,0.4375,0.07654320987654321,0.03529411764705882,0.0691358024691358
1823,3,Dominant Fragger,0,1.326950354609929,0.4245911568746214,0.5362318840579711,0.1108179419525066,0.01877649909145972,0.06596306068601583
1825,0,Passive/Low Impact,2,0.8833605220228385,0.3893129770992366,0.46774193548387094,0.06546134663341646,0.007633587786259542,0.059850374064837904
1826,1,Support/Utility Player,3,1.4352,0.36363636363636365,0.6666666666666666,0.09131905298759864,0.016414141414141412,0.10822998872604284
1827,1,Support/Utility Player,2,1.2506767731456416,0.2878640776699029,0.43617021276595747,0.09591755846214824,0.02378640776699029,0.0776852952833928
1828,2,Balanced Aggressor,1,1.121212121212121,0.4217844727694091,0.46511627906976744,0.07172995780590717,0.025492468134414834,0.059071729957805914
1829,2,Balanced Aggressor,0,1.1265560165975101,0.40973630831643004,0.56,0.125,0.006085192697768763,0.05182926829268293
1831,0,Passive/Low Impact,1,1.0454754248966467,0.31915957978989495,0.4036697247706422,0.0955137481910275,0.02301150575287644,0.04160636758321274
1832,2,Balanced Aggressor,1,1.1101083032490975,0.351159488878372,0.5294117647058824,0.09714580467675378,0.017510648367250355,0.06516506189821183
1833,1,Support/Utility Player,3,1.1438763376932224,0.3420074349442379,0.6363636363636364,0.09131205673758865,0.030978934324659237,0.061170212765957445
1834,2,Balanced Aggressor,1,1.2252747252747254,0.41990291262135915,0.5263157894736842,0.04734848484848485,0.0,0.06818181818181818
1835,1,Support/Utility Player,1,1.099548712503318,0.29587093245829915,0.4838709677419355,0.10282418456642801,0.013125512715340444,0.09347653142402548
1836,1,Support/Utility Player,3,1.0276412776412778,0.37350246652572233,0.4810126582278481,0.09707385044124477,0.05355884425651867,0.04505341384115188
1837,2,Balanced Aggressor,1,0.9895833333333334,0.36453576864535764,0.4195121951219512,0.125,0.023338406900050734,0.04398826979472142
1838,0,Passive/Low Impact,2,0.8752969121140142,0.29448818897637796,0.28888888888888886,0.09908069458631255,0.011023622047244094,0.03166496424923391
1839,2,Balanced Aggressor,0,1.1805963880722385,0.347068145800317,0.48,0.13059818352646413,0.02416798732171157,0.049170059505167556
1841,1,Support/Utility Player,3,1.089527027027027,0.3460144927536232,0.5806451612903226,0.06265060240963856,0.03260869565217392,0.08433734939759037
1843,3,Dominant Fragger,0,1.3253778838504375,0.32790224032586557,0.59375,0.18444313494401884,0.0047522063815342835,0.04478491455509723
1845,1,Support/Utility Player,1,1.046991812032752,0.4029560482302606,0.4397163120567376,0.0819270549809472,0.027226760015558148,0.08138268916712031
1847,1,Support/Utility Player,3,0.9501466275659824,0.3898916967509025,0.7222222222222222,0.07399103139013452,0.021660649819494584,0.06726457399103138
1850,0,Passive/Low Impact,3,0.7691561590688653,0.33787878787878783,0.3137254901960784,0.05355776587605202,0.048484848484848485,0.07421576128538637
1851,3,Dominant Fragger,0,1.473251028806584,0.39016393442622954,0.6428571428571429,0.12398921832884097,0.06557377049180328,0.07008086253369272
1852,2,Balanced Aggressor,1,1.1466604390471742,0.30331311245916937,0.4537037037037037,0.11360497237569062,0.03919738684087728,0.041436464088397795
1853,2,Balanced Aggressor,1,1.2316849816849818,0.3608428446005268,0.5862068965517241,0.09692513368983957,0.013169446883230906,0.052807486631016046
1854,1,Support/Utility Player,1,1.048731642189586,0.4100358422939068,0.475,0.08871365204534253,0.03512544802867384,0.06505667816658452
1856,0,Passive/Low Impact,3,0.8398835516739447,0.3438735177865612,0.3939393939393939,0.0643985419198056,0.04150197628458498,0.0753341433778858
1858,3,Dominant Fragger,0,1.4238657551274083,0.44028776978417267,0.5060240963855421,0.12442607897153353,0.02014388489208633,0.0950413223140496
1859,2,Balanced Aggressor,1,1.1037558685446012,0.45240384615384616,0.5714285714285714,0.07487001733102253,0.021153846153846155,0.051299826689774695
1863,1,Support/Utility Player,3,0.9742351046698872,0.2924151696606787,0.6140350877192983,0.0644966847498493,0.027944111776447105,0.06690777576853527
1864,3,Dominant Fragger,0,1.461988304093567,0.3838109992254066,0.5025906735751295,0.16430214723926378,0.015030899538611794,0.06115797546012269
1868,3,Dominant Fragger,0,1.344908896034298,0.4839634474108582,0.48214285714285715,0.13583061889250814,0.03422325748073821,0.10342019543973943
1869,0,Passive/Low Impact,2,0.6619217081850534,0.3067484662576687,0.13333333333333333,0.04597701149425287,0.0061349693251533735,0.08045977011494253
1870,2,Balanced Aggressor,1,1.1535087719298245,0.35259834871296747,0.4339622641509434,0.08879184861717612,0.023312287518212727,0.049126637554585156
1872,0,Passive/Low Impact,2,0.9733656174334141,0.358695652173913,0.3333333333333333,0.08582089552238806,0.013586956521739128,0.04104477611940298
1873,1,Support/Utility Player,1,1.1531590413943356,0.4015025041736227,0.48739495798319327,0.09896249002394254,0.042779632721202006,0.0839584996009577
1874,3,Dominant Fragger,0,1.3215864440078584,0.4772112382934443,0.6014669926650367,0.11126126126126126,0.03775985228419644,0.04819819819819819
1875,2,Balanced Aggressor,1,1.1677215189873418,0.43605236656596175,0.6122448979591837,0.0979020979020979,0.010070493454179255,0.03962703962703963
1876,0,Passive/Low Impact,2,0.597524255603881,0.3297076818490823,0.3897058823529412,0.03362690152121697,0.026512576478585993,0.05684547638110488
1879,3,Dominant Fragger,0,1.434660684240045,0.395976223136717,0.5684210526315789,0.08628659476117102,0.022405121170553273,0.07395993836671802
1881,1,Support/Utility Player,3,1.2717821782178218,0.39489619377162627,0.5779816513761468,0.0911895783339047,0.015570934256055364,0.09564621186150155
1885,1,Support/Utility Player,1,1.1995373048004627,0.3789020452099031,0.4556213017751479,0.11808278867102397,0.038482238966630784,0.06710239651416122
1886,2,Balanced Aggressor,0,1.0829551451187336,0.4824824824824825,0.517162471395881,0.12191214905994434,0.024024024024024024,0.03456706854396762
1888,0,Passive/Low Impact,2,1.0788671023965142,0.3358384217942696,0.4336283185840708,0.08336068263866098,0.025364020666979806,0.06366918280275681
1889,2,Balanced Aggressor,0,1.33358793202215,0.43715327310191787,0.4423076923076923,0.10224403927068723,0.01686626508309818,0.06549789621318373
1891,0,Passive/Low Impact,1,0.9701492537313432,0.4463414634146342,0.24,0.08947368421052632,0.004878048780487806,0.04736842105263158
1892,1,Support/Utility Player,3,1.2979387882573392,0.3870704875730001,0.5465116279069767,0.1002653106345346,0.04373217438544071,0.09341145257572409
1893,1,Support/Utility Player,3,1.2866603595080415,0.3157894736842105,0.5789473684210527,0.07806451612903226,0.028404344193817876,0.1
1894,0,Passive/Low Impact,3,0.9773944080904224,0.38016528925619836,0.4186046511627907,0.08534405719392316,0.04476584022038568,0.04423592493297587
1895,2,Balanced Aggressor,1,1.0678470063522099,0.34858044164037855,0.45054945054945056,0.10558343119461942,0.0362776025236593,0.03619088288673001
1896,0,Passive/Low Impact,2,0.7899543378995434,0.36893203883495146,0.2916666666666667,0.04189435336976321,0.03559870550161812,0.0400728597449909
1897,2,Balanced Aggressor,0,1.2704601334738321,0.3277310924369748,0.4962962962962963,0.15082872928176796,0.0196078431372549,0.04281767955801105
1899,2,Balanced Aggressor,1,1.1634571297569922,0.5346921075455333,0.5113122171945701,0.10905384746050618,0.02597449967982751,0.04807202310174962
1900,2,Balanced Aggressor,2,1.2186131386861314,0.3052126200274348,0.4791666666666667,0.06704668838219327,0.006172839506172839,0.04994571118349621
1901,2,Balanced Aggressor,0,1.0570277718889125,0.4690058479532164,0.4831932773109244,0.11754008927095387,0.02853801169590643,0.054719788394775995
1903,2,Balanced Aggressor,0,1.1320321469575203,0.38963963963963966,0.5365853658536586,0.11733800350262695,0.00563063063063063,0.05166374781085814
1904,0,Passive/Low Impact,2,0.5968379446640317,0.3471074380165289,0.16666666666666666,0.05802047781569966,0.0,0.03754266211604095
1907,2,Balanced Aggressor,0,1.082039911308204,0.5327102803738318,0.3333333333333333,0.15799256505576206,0.007009345794392523,0.05762081784386617
1908,3,Dominant Fragger,3,1.9895591647331787,0.39621409921671014,0.6607142857142857,0.06680440771349863,0.04960835509138381,0.08333333333333333
1909,0,Passive/Low Impact,2,0.6654275092936802,0.2549019607843137,0.4166666666666667,0.0701219512195122,0.0,0.05182926829268293
1910,1,Support/Utility Player,3,0.8743872549019608,0.3035573122529644,0.38181818181818183,0.047872340425531915,0.05928853754940711,0.08897485493230174
1911,1,Support/Utility Player,3,1.1218678815489749,0.3633421594586643,0.5310734463276836,0.06481677610675704,0.03559870550161812,0.07794958695191696
1912,1,Support/Utility Player,2,1.046896551724138,0.3022556390977444,0.5,0.07251908396946564,0.03007518796992481,0.06965648854961833
1913,2,Balanced Aggressor,1,1.023778071334214,0.5281173594132029,0.3925233644859813,0.08350951374207188,0.01613691931540342,0.045454545454545456
1915,1,Support/Utility Player,3,1.4253228523301515,0.32473776223776224,0.43915343915343913,0.10170499603489296,0.07167832167832168,0.07117367168913562
1920,0,Passive/Low Impact,2,0.9422665716322167,0.3543956043956044,0.4166666666666667,0.07444561774023231,0.02655677655677656,0.06969376979936642
1921,1,Support/Utility Player,3,1.1147455867082035,0.35949764521193095,0.4339622641509434,0.06774557771923222,0.024594453165881738,0.0948438088069251
1922,3,Dominant Fragger,0,1.727115289460663,0.3160208072906166,0.6174112256586484,0.15637543769749765,0.058671720633896536,0.050559398753095904
1923,1,Support/Utility Player,1,1.1862891207153503,0.2972560975609756,0.6060606060606061,0.12035010940919039,0.022865853658536585,0.07986870897155363
1926,0,Passive/Low Impact,2,0.9296020988194141,0.32117191818684354,0.42857142857142855,0.05502154458070932,0.035931453841901606,0.060324825986078884
1927,3,Dominant Fragger,0,1.3270588235294116,0.4366471734892788,0.52,0.101010101010101,0.027290448343079924,0.06902356902356903
1932,3,Dominant Fragger,0,1.4551282051282053,0.4846153846153846,0.6111111111111112,0.06779661016949153,0.007692307692307692,0.0614406779661017
1933,1,Support/Utility Player,3,1.1924528301886792,0.36526010270149584,0.5251141552511416,0.1161468206100293,0.029024335789238666,0.08616232982939857
1935,1,Support/Utility Player,1,1.094282572842221,0.42469352014010514,0.5405405405405406,0.06989785699979972,0.029772329246935205,0.06769477268175446
1936,2,Balanced Aggressor,1,1.143391188251001,0.3729903536977492,0.4943820224719101,0.11828404831320281,0.014820668398520054,0.044981257809246146
1937,2,Balanced Aggressor,0,1.1511976047904193,0.4326777609682299,0.5151515151515151,0.14819277108433734,0.01059001512859304,0.060240963855421686
1939,2,Balanced Aggressor,0,1.186694172253739,0.36092882382635033,0.48947368421052634,0.1403861625100563,0.019182231196365473,0.031375703942075624
1940,1,Support/Utility Player,1,1.303191489361702,0.30078740157480316,0.45161290322580644,0.10691823899371068,0.01732283464566929,0.09811320754716982
1941,0,Passive/Low Impact,2,1.2595797280593326,0.28043478260869564,0.4090909090909091,0.06184668989547038,0.0076086956521739125,0.08885017421602788
1942,2,Balanced Aggressor,3,1.075,0.3061224489795918,0.7,0.08955223880597014,0.01020408163265306,0.041044776119402986
1944,3,Dominant Fragger,1,1.2507374631268438,0.4324324324324324,0.5,0.12284482758620689,0.03783783783783783,0.07974137931034483
1945,0,Passive/Low Impact,2,0.8816326530612244,0.33689839572192515,0.25,0.0963455149501661,0.0213903743315508,0.06312292358803986
1946,1,Support/Utility Player,1,1.4893428063943162,0.3536109303838647,0.4715447154471545,0.11701170117011701,0.043266102797657774,0.0951095109510951
1949,2,Balanced Aggressor,1,1.203730045835309,0.35962286740496857,0.4627831715210356,0.11585659287776708,0.021999401376833285,0.06989894128970163
1950,1,Support/Utility Player,3,0.9873417721518987,0.34293948126801155,0.4676258992805755,0.08725182863113898,0.03828736105393166,0.06922675026123302
1951,2,Balanced Aggressor,1,1.2289156626506024,0.5023041474654377,0.45454545454545453,0.10476190476190476,0.0445468509984639,0.05595238095238095
1953,0,Passive/Low Impact,2,0.7565217391304349,0.2695852534562212,0.4117647058823529,0.05952380952380953,0.03917050691244239,0.03809523809523809
1954,2,Balanced Aggressor,1,1.2020040080160324,0.3082735171892709,0.5079365079365079,0.10439081128234952,0.017000377786173027,0.06687990694969469
1955,2,Balanced Aggressor,1,1.2052896725440805,0.2876557191392979,0.45454545454545453,0.09627059843885517,0.01245753114382786,0.06938421509106678
1956,2,Balanced Aggressor,1,1.181623277182236,0.34576757532281205,0.4720496894409938,0.1166895919303072,0.027546628407460545,0.05387436955524988
1957,3,Dominant Fragger,3,1.3291703835860837,0.3639120545868082,0.7741935483870968,0.1099312929419113,0.015163002274450341,0.056839475327920046
1958,1,Support/Utility Player,3,0.9026661024121878,0.2782212086659065,0.5486725663716814,0.06871961102106969,0.03819840364880274,0.07552674230145866
1959,2,Balanced Aggressor,2,1.0228802153432033,0.28098344204716513,0.4782608695652174,0.10874785591766724,0.019568489713998997,0.06312178387650086
1960,3,Dominant Fragger,0,1.3547557840616966,0.37486573576799137,0.6341463414634146,0.1195748449955713,0.034371643394199784,0.04162976085031002
1963,2,Balanced Aggressor,1,1.2785145888594165,0.3290246768507638,0.5476190476190477,0.10546500479386386,0.0199764982373678,0.06327900287631831
1965,1,Support/Utility Player,3,1.0523704520396915,0.3515577275503971,0.48044692737430167,0.07068172312839816,0.045510079413561395,0.0641990798828942
1966,1,Support/Utility Player,3,1.1535145888594163,0.37188434695912265,0.49044585987261147,0.08145792563600783,0.022266533732136922,0.09833659491193739
1968,2,Balanced Aggressor,1,1.1132284511411479,0.4310598348603099,0.49452954048140046,0.09613178167513522,0.024205406628209476,0.06859531224389444
1970,2,Balanced Aggressor,1,1.116196542311192,0.3617455896007429,0.45740740740740743,0.09059352028314728,0.02209842154131848,0.04111080860332153
1971,2,Balanced Aggressor,0,1.0889192886456909,0.3583815028901734,0.6,0.1229946524064171,0.00722543352601156,0.04491978609625668
1973,0,Passive/Low Impact,3,0.8042168674698795,0.35682819383259917,0.4,0.11278195488721804,0.02643171806167401,0.07017543859649122
1976,3,Dominant Fragger,0,1.2776057791537667,0.38998211091234347,0.5961538461538461,0.10832719233603538,0.023255813953488372,0.058953574060427415
1977,1,Support/Utility Player,3,1.2006196746707978,0.3958777540867093,0.4927536231884058,0.12653061224489795,0.032693674484719264,0.09446064139941691
1978,0,Passive/Low Impact,2,0.9227373068432672,0.3472222222222222,0.5,0.07881773399014778,0.02222222222222222,0.07389162561576355
1979,1,Support/Utility Player,3,1.0136363636363637,0.3591731266149871,0.5217391304347826,0.058721934369602755,0.0516795865633075,0.09153713298791019
1980,1,Support/Utility Player,3,1.4361516034985422,0.3657276995305164,0.689119170984456,0.10500190912562046,0.06056338028169014,0.10996563573883161
1982,1,Support/Utility Player,3,1.2153406383992378,0.4201342281879195,0.514018691588785,0.09527145359019264,0.06040268456375839,0.05008756567425569
1983,1,Support/Utility Player,3,1.3756345177664975,0.4051069703243616,0.5625,0.07768115942028986,0.024154589371980676,0.08869565217391304
1984,3,Dominant Fragger,0,1.4583892617449663,0.4716202270381836,0.5897435897435898,0.11327014218009479,0.016511867905056758,0.08151658767772513
1985,1,Support/Utility Player,3,1.2078419811320755,0.3821917808219178,0.5027027027027027,0.08326497128794093,0.05040946992257296,0.08675143560295324
1987,2,Balanced Aggressor,0,1.1209031318281137,0.4943904263275991,0.5606060606060606,0.11678832116788321,0.04038893044128646,0.039303761931499155
1988,2,Balanced Aggressor,1,1.2458770614692654,0.36801220696351783,0.4938650306748466,0.11617495121111238,0.022888056595921764,0.03191367236827
1989,1,Support/Utility Player,1,1.4218181818181819,0.3268156424581006,0.375,0.07712082262210797,0.008379888268156424,0.10539845758354756
1990,0,Passive/Low Impact,2,1.0964285714285715,0.30419580419580416,0.35294117647058826,0.07106598984771574,0.048951048951048945,0.043147208121827416
1991,0,Passive/Low Impact,2,1.045874292523086,0.3101516150296638,0.45251396648044695,0.06287170773152082,0.030652603823335532,0.0715802888700085
1992,1,Support/Utility Player,3,1.0654008438818565,0.3839938437860716,0.5434782608695652,0.09702315325248069,0.019238168526356292,0.0926130099228225
1994,1,Support/Utility Player,1,1.2777777777777777,0.37655638562789046,0.5059288537549407,0.13519779742066368,0.053006047669868384,0.07911896826546877
1995,0,Passive/Low Impact,2,1.0169210961927533,0.33625969783585136,0.4927007299270073,0.06404539927036887,0.01557337449538348,0.06404539927036887
1997,2,Balanced Aggressor,1,1.0728744939271255,0.4613778705636743,0.5,0.09214501510574019,0.039665970772442584,0.05438066465256798
1998,0,Passive/Low Impact,2,0.7432646592709985,0.3375,0.20689655172413793,0.08516483516483517,0.052500000000000005,0.04670329670329671
1999,3,Dominant Fragger,0,1.2836498067551672,0.38215004311583795,0.5049833887043189,0.13572311495673672,0.03530211368545723,0.05661310259579728
2000,1,Support/Utility Player,3,1.1337719298245614,0.37225877192982454,0.47368421052631576,0.0843762616067824,0.06304824561403509,0.07993540573274122
2001,0,Passive/Low Impact,2,1.1397205588822354,0.3116216819094357,0.502127659574468,0.06389351081530782,0.00959179121124247,0.07371048252911813
2002,2,Balanced Aggressor,1,1.002742946708464,0.3683274021352313,0.5079365079365079,0.11614111770215424,0.018238434163701068,0.06681236340930378
2005,3,Dominant Fragger,1,1.3039485766758494,0.3199588477366255,0.5209580838323353,0.12563817980022196,0.014403292181069957,0.08657047724750278
2006,3,Dominant Fragger,0,1.4857142857142858,0.44509803921568625,0.7272727272727273,0.09800362976406533,0.009803921568627449,0.05807622504537205
2007,2,Balanced Aggressor,0,1.2243975903614457,0.40082644628099173,0.40625,0.1410105757931845,0.008264462809917356,0.057579318448883664
2008,0,Passive/Low Impact,2,0.7709923664122137,0.3380681818181818,0.5555555555555556,0.035812672176308534,0.002840909090909091,0.07024793388429752
2009,1,Support/Utility Player,3,0.8776978417266188,0.4390383514596451,0.6068376068376068,0.055357720945289735,0.04751001717229537,0.05503399158303659
2010,2,Balanced Aggressor,0,0.962121212121212,0.4811715481171549,0.5384615384615384,0.10179640718562874,0.03347280334728034,0.03592814371257485
2012,1,Support/Utility Player,3,1.0044444444444443,0.3555776892430279,0.44642857142857145,0.059163987138263666,0.008964143426294821,0.11768488745980707
2013,0,Passive/Low Impact,2,0.8430353430353431,0.30238627889634606,0.4887640449438202,0.07437842393594606,0.008624140008510387,0.02633796881584492
2015,0,Passive/Low Impact,3,0.845,0.3103448275862069,0.4,0.07462686567164178,0.034482758620689655,0.07462686567164178
2016,2,Balanced Aggressor,0,1.1268817204301074,0.381489841986456,0.5416666666666666,0.10792580101180438,0.027088036117381493,0.05733558178752109
2017,2,Balanced Aggressor,1,1.1467595072308516,0.35310119695321,0.4329896907216495,0.1073558648111332,0.01632208922742111,0.05288270377733598
2018,2,Balanced Aggressor,1,0.9508057675996607,0.35656565656565653,0.5272727272727272,0.11003861003861004,0.02323232323232323,0.051480051480051484
2019,1,Support/Utility Player,3,0.7598039215686274,0.3333333333333333,0.36363636363636365,0.04744525547445255,0.06666666666666667,0.09854014598540146
2021,3,Dominant Fragger,0,1.4838709677419353,0.45142857142857146,0.6071428571428571,0.16531165311653115,0.018571428571428572,0.06097560975609756
2023,3,Dominant Fragger,0,1.356474428726877,0.3980348535409714,0.4369369369369369,0.1598042524468444,0.020578420467185762,0.04623692203847452
2027,2,Balanced Aggressor,0,1.261340357038338,0.3751607096940088,0.48255813953488375,0.13032967032967033,0.0370275134996143,0.05780219780219781
2028,3,Dominant Fragger,0,1.564344746162928,0.29775280898876405,0.49473684210526314,0.13130929791271348,0.03611556982343499,0.06337760910815939
2029,2,Balanced Aggressor,1,1.0952045133991537,0.3005843681519357,0.4452054794520548,0.11481481481481481,0.01022644265887509,0.07063492063492063
2032,0,Passive/Low Impact,3,0.6851574212893553,0.32653061224489793,0.5294117647058824,0.03192702394526796,0.007653061224489797,0.12770809578107184
2033,2,Balanced Aggressor,1,1.1757112750263434,0.35112359550561795,0.5347593582887701,0.11242248449689937,0.03003805726712577,0.047809561912382476
2034,0,Passive/Low Impact,3,0.7755102040816326,0.2766599597585513,0.5657894736842105,0.05440158259149357,0.03219315895372233,0.06923837784371908
2036,1,Support/Utility Player,1,1.3400588482555695,0.41472868217054265,0.48760330578512395,0.0874479476502082,0.05320648343904159,0.07198096371207614
2037,3,Dominant Fragger,0,1.7416879795396418,0.4372937293729373,0.4883720930232558,0.14249363867684478,0.050330033003300335,0.09838846480067853
2038,0,Passive/Low Impact,3,0.9935979513444303,0.3397913561847988,0.43902439024390244,0.07736943907156674,0.04321907600596125,0.05899419729206963
2039,0,Passive/Low Impact,2,0.8542510121457491,0.46448087431693985,0.4,0.06779661016949153,0.016393442622950817,0.04406779661016949
2041,3,Dominant Fragger,1,1.2803066602779107,0.344139650872818,0.5701754385964912,0.1502572898799314,0.0486284289276808,0.08987993138936536
2042,3,Dominant Fragger,0,1.8586309523809526,0.46853146853146854,0.6976744186046512,0.16966824644549766,0.03146853146853147,0.07014218009478673
2045,0,Passive/Low Impact,2,0.865203761755486,0.4404255319148936,0.3793103448275862,0.07518796992481204,0.02127659574468085,0.04260651629072682
2046,3,Dominant Fragger,0,1.263905325443787,0.42385516506922255,0.6052631578947368,0.2144194756554307,0.028753993610223644,0.030898876404494385
2047,0,Passive/Low Impact,2,0.8703703703703703,0.311764705882353,0.4166666666666667,0.10780669144981411,0.023529411764705882,0.0520446096654275
2048,0,Passive/Low Impact,2,0.8256130790190735,0.36666666666666664,0.16666666666666666,0.05138339920948617,0.01851851851851852,0.04940711462450593
2050,3,Dominant Fragger,0,1.3045685279187815,0.4380165289256199,0.5454545454545454,0.11191335740072202,0.008264462809917356,0.09025270758122741
2051,1,Support/Utility Player,1,0.9608610567514677,0.41033672670321064,0.42424242424242425,0.1459016393442623,0.05090054815974941,0.07431693989071038
2052,0,Passive/Low Impact,2,0.5761316872427984,0.28835978835978837,0.24324324324324326,0.04982618771726535,0.04232804232804233,0.05214368482039398
2053,2,Balanced Aggressor,1,1.2168784029038113,0.38642297650130547,0.5263157894736842,0.08887425938117181,0.028720626631853787,0.04805793285055958
2054,3,Dominant Fragger,3,1.2122093023255813,0.45144356955380577,0.8235294117647058,0.08750000000000001,0.013123359580052495,0.08333333333333334
2055,2,Balanced Aggressor,1,1.1591454632741238,0.39806496199032476,0.49019607843137253,0.08594741613780599,0.033863165169315826,0.050770625566636446
2056,2,Balanced Aggressor,1,1.2610837438423645,0.3264705882352941,0.5666666666666667,0.11138923654568211,0.007352941176470587,0.05006257822277847
2059,2,Balanced Aggressor,1,1.162772585669782,0.3476649369903632,0.5846153846153846,0.10243055555555555,0.01630837657524092,0.031249999999999997
2060,3,Dominant Fragger,0,1.0911330049261085,0.4381443298969072,0.6111111111111112,0.12598425196850394,0.02577319587628866,0.06692913385826772
2061,3,Dominant Fragger,0,1.364749082007344,0.41010101010101,0.5595238095238095,0.13492779783393502,0.031313131313131314,0.0631768953068592
2063,2,Balanced Aggressor,1,1.1944012441679628,0.40880989180834626,0.5151515151515151,0.11768219832735961,0.030139103554868627,0.06750298685782556
2064,2,Balanced Aggressor,1,1.3502147458840372,0.3839681811228392,0.4857142857142857,0.11399166232412715,0.019580847483555146,0.05719124544033351
2065,3,Dominant Fragger,0,1.4189482833550628,0.42169092169092176,0.5511811023622047,0.12641567187021732,0.022176022176022176,0.07284970921334558
2066,2,Balanced Aggressor,0,1.200561797752809,0.36278039324286904,0.49710982658959535,0.16943748576634024,0.014400443090556634,0.03803233887497153
2067,1,Support/Utility Player,3,0.8188679245283018,0.3076923076923077,0.6521739130434783,0.10485133020344288,0.0521978021978022,0.0406885758998435
2068,1,Support/Utility Player,1,1.3235673484429706,0.38608479577574156,0.45614035087719296,0.12703159537121309,0.052833306720271936,0.09764659992198672
2069,1,Support/Utility Player,1,1.123904502870958,0.31274961597542245,0.46706586826347307,0.11358079573238497,0.02918586789554532,0.07068237386085796
2070,2,Balanced Aggressor,2,0.9660523763336566,0.3171981776765376,0.44329896907216493,0.106810569408262,0.013809794988610478,0.053963528098250835
2071,1,Support/Utility Player,3,1.2444852941176472,0.3846153846153846,0.5806451612903226,0.07878017789072427,0.034188034188034185,0.10800508259212198
2072,2,Balanced Aggressor,1,1.0096582466567607,0.4041720990873533,0.42105263157894735,0.09780439121756487,0.030856149500217298,0.056458511548331904
2074,1,Support/Utility Player,1,1.0700791215888905,0.37310573070893577,0.5261437908496732,0.10097680097680098,0.03570806479707368,0.0757020757020757
2075,2,Balanced Aggressor,1,1.454561797752809,0.3396612561750176,0.47795414462081126,0.09917031423531718,0.013196894848270994,0.058208662703338354
2077,1,Support/Utility Player,1,1.0441263657152537,0.4393260440939237,0.4527363184079602,0.0790309522326711,0.032551053853901266,0.0655165971227502
2078,1,Support/Utility Player,1,1.0508826583592938,0.37026046818331687,0.48909657320872274,0.08445183513481411,0.03009705736894164,0.07423684523102507
2079,2,Balanced Aggressor,1,1.1101123595505618,0.5151515151515151,0.5416666666666666,0.07754442649434572,0.027972027972027972,0.051696284329563816
2080,3,Dominant Fragger,0,1.2584683357879236,0.4153742414025624,0.676056338028169,0.08751334044823905,0.014834794335805798,0.06083244397011739
2081,2,Balanced Aggressor,1,1.2163561076604554,0.2556987115956392,0.4897959183673469,0.12383177570093458,0.015857284440039643,0.05607476635514019
2082,3,Dominant Fragger,0,1.2809114680612625,0.4629839624169772,0.4900398406374502,0.1595667870036101,0.015227604082293861,0.03350180505415162
2083,1,Support/Utility Player,3,1.2713896457765668,0.35371179039301315,0.5053763440860215,0.09144893111638955,0.046094129063561376,0.0934283452098179
2087,1,Support/Utility Player,3,1.0338345864661656,0.2798165137614679,0.5897435897435898,0.07699443413729128,0.045871559633027525,0.05102040816326531
2088,1,Support/Utility Player,3,0.7366609294320137,0.35795454545454547,0.5714285714285714,0.04015544041450777,0.048295454545454544,0.1010362694300518
2089,1,Support/Utility Player,3,1.376817981489643,0.3549659376120473,0.5934959349593496,0.09706682794073178,0.0702760846181427,0.08406410644088298
2090,2,Balanced Aggressor,0,1.2079815809669991,0.439465124683773,0.6,0.12728344136711844,0.01987712323816408,0.021803182086034177
2092,0,Passive/Low Impact,2,0.9624060150375942,0.35454545454545455,0.38461538461538464,0.08074534161490683,0.004545454545454545,0.04658385093167702
2093,2,Balanced Aggressor,3,1.1870407481629928,0.39138943248532293,0.4794520547945205,0.10993249758919962,0.016307893020221786,0.08341369334619095
2094,1,Support/Utility Player,3,1.2177386317083163,0.5183837610111068,0.40625,0.09243822566239952,0.06578134892409664,0.0858886573384936
2096,1,Support/Utility Player,3,1.2268518518518519,0.5414847161572053,0.5833333333333334,0.09395973154362418,0.030567685589519656,0.14093959731543626
2102,2,Balanced Aggressor,1,1.1680161943319838,0.31536926147704586,0.5384615384615384,0.0884450784593438,0.01397205588822355,0.06704707560627675
2103,3,Dominant Fragger,1,1.3551121313791277,0.3733055265901981,0.5,0.1292149631190727,0.048413525994339346,0.06691253951527924
2104,1,Support/Utility Player,3,1.084431137724551,0.40206185567010305,0.4050632911392405,0.07609185051778478,0.047036082474226804,0.08374606033318326
2106,1,Support/Utility Player,3,0.9834628190899001,0.36378887598399795,0.5918803418803419,0.08182482344346131,0.031100787198348172,0.05836512703953242
2107,2,Balanced Aggressor,1,1.1178489702517163,0.3084982537834691,0.47619047619047616,0.11188811188811189,0.026775320139697325,0.06293706293706294
2109,0,Passive/Low Impact,2,0.9022929146870481,0.29795361527967257,0.4798206278026906,0.068872276125338,0.03754900876319703,0.06378240814378877
2111,2,Balanced Aggressor,1,1.0441518202943456,0.38240270727580367,0.4576271186440678,0.09102167182662539,0.007614213197969543,0.06625386996904024
2113,0,Passive/Low Impact,2,0.836228287841191,0.25734024179620035,0.6097560975609756,0.06273062730627306,0.015544041450777204,0.07841328413284133
2114,2,Balanced Aggressor,3,1.2152466367713004,0.40109140518417463,0.42424242424242425,0.09944751381215468,0.013642564802182811,0.08839779005524862
2116,3,Dominant Fragger,0,1.4407429245283019,0.3426395939086294,0.5588235294117647,0.20130454340980658,0.00946008306414398,0.026765632028789923
2118,2,Balanced Aggressor,1,1.2792393026941362,0.3772903942254303,0.4906832298136646,0.13972667295004712,0.015461361437915343,0.06573986804901036
2119,1,Support/Utility Player,0,1.4082914572864322,0.3059628543499511,0.5813953488372093,0.10720562390158173,0.038123167155425214,0.07996485061511424
2120,3,Dominant Fragger,3,1.5112107623318387,0.3240418118466899,0.8333333333333334,0.10897435897435898,0.02787456445993031,0.11538461538461539
2122,2,Balanced Aggressor,1,1.0776147657359205,0.3752525252525252,0.5576923076923077,0.10088183421516755,0.03383838383838384,0.046913580246913576
2123,3,Dominant Fragger,3,1.860869565217391,0.3087431693989071,0.7857142857142857,0.14792899408284024,0.02185792349726776,0.11242603550295859
2124,1,Support/Utility Player,3,1.3670382165605093,0.3005025125628141,0.5971223021582733,0.0761300555114988,0.029815745393634845,0.09199048374306106
2126,2,Balanced Aggressor,1,1.0967985883539197,0.4476789929189615,0.41208791208791207,0.11180248896025692,0.03881458169420404,0.05098354074668808
2129,2,Balanced Aggressor,1,0.9410112359550562,0.35793357933579334,0.5294117647058824,0.08,0.007380073800738007,0.055555555555555566
2130,1,Support/Utility Player,1,1.2028671896131997,0.431215607803902,0.4810810810810811,0.10426929392446634,0.04577288644322161,0.06752873563218391
2133,2,Balanced Aggressor,1,1.012074643249177,0.3132075471698113,0.6,0.08897959183673469,0.02641509433962264,0.037551020408163265
2134,0,Passive/Low Impact,2,0.8563218390804599,0.2979591836734694,0.2,0.07242990654205608,0.02857142857142857,0.039719626168224303
2135,3,Dominant Fragger,0,1.2037470725995316,0.4469525959367946,0.6666666666666666,0.08718861209964412,0.002257336343115124,0.06227758007117438
2136,2,Balanced Aggressor,0,1.1674757281553396,0.43729903536977494,0.4925373134328358,0.13571869216533006,0.03135048231511254,0.04873534855027761
2137,0,Passive/Low Impact,2,0.8374233128834356,0.3333333333333333,0.29411764705882354,0.04477611940298507,0.042735042735042736,0.03731343283582089
2138,2,Balanced Aggressor,1,1.2300163132137032,0.35283136278780336,0.5163398692810458,0.10739087301587302,0.020846297448662104,0.0570436507936508
2139,1,Support/Utility Player,3,1.1461578400830736,0.2681027770568388,0.4948186528497409,0.0972289272955489,0.04022839345964183,0.0868011972578932
2140,1,Support/Utility Player,3,1.0108695652173911,0.313595166163142,0.5053763440860215,0.0802530144297292,0.04410876132930513,0.07491599130262898
2141,1,Support/Utility Player,3,1.208722741433022,0.42290748898678415,0.45714285714285713,0.06526315789473684,0.0249632892804699,0.10947368421052632
2142,1,Support/Utility Player,3,1.154335260115607,0.38971621241921883,0.4734042553191489,0.09340545038485541,0.0640629390278168,0.09174121073434575
2143,2,Balanced Aggressor,1,1.0694444444444444,0.3242424242424242,0.4375,0.17016317016317017,0.015151515151515152,0.03263403263403263
2144,0,Passive/Low Impact,2,0.5706106870229007,0.23703703703703705,0.19230769230769232,0.06208053691275168,0.011111111111111112,0.02684563758389262
2146,2,Balanced Aggressor,1,1.1422358930844294,0.3976298804359327,0.4756637168141593,0.09717430589781502,0.035551793461009416,0.03868900936421883
2147,2,Balanced Aggressor,1,1.0942420681551117,0.3352534562211981,0.5348837209302325,0.1322056322056322,0.030801556791862656,0.029484029484029485
2149,2,Balanced Aggressor,2,0.9734219269102988,0.41278743690409425,0.40594059405940597,0.0859932407059707,0.02916432978126753,0.04431092752534735
2151,2,Balanced Aggressor,0,1.1662763466042154,0.4097995545657016,0.5714285714285714,0.10332103321033209,0.026726057906458798,0.03690036900369004
2152,0,Passive/Low Impact,3,0.8364485981308413,0.37254901960784315,0.6,0.05882352941176471,0.0392156862745098,0.03308823529411765
2153,2,Balanced Aggressor,1,1.2692819148936172,0.3253082795067528,0.5487804878048781,0.0921825576140985,0.021065766294773927,0.036601897876186174
2154,1,Support/Utility Player,3,1.097872340425532,0.3333333333333333,0.6041666666666666,0.08637083993660856,0.025200458190148912,0.0705229793977813
2157,1,Support/Utility Player,3,0.9918831168831168,0.3704379562043796,0.6666666666666666,0.07380952380952381,0.029197080291970805,0.09166666666666666
2158,3,Dominant Fragger,0,1.2459016393442623,0.2955223880597015,0.5333333333333333,0.17557251908396945,0.005970149253731343,0.07124681933842239
2159,1,Support/Utility Player,3,0.964994775339603,0.3500931098696462,0.5353535353535354,0.08870034708831469,0.045934202358783364,0.07674508291554184
2160,3,Dominant Fragger,0,1.2937422807739811,0.5484671274144959,0.5506072874493927,0.1471808265478568,0.020379230905546695,0.051620832693194035
2161,2,Balanced Aggressor,1,1.1873015873015873,0.44345238095238093,0.41304347826086957,0.1175993511759935,0.03373015873015873,0.0470397404703974
2163,2,Balanced Aggressor,3,1.0867410161090456,0.3552719946272666,0.7037037037037037,0.10657276995305164,0.013431833445265278,0.05446009389671362
2164,3,Dominant Fragger,0,1.4216940889701402,0.49486461251167135,0.5058823529411764,0.10431338028169013,0.032679738562091505,0.06822183098591549
2166,1,Support/Utility Player,1,1.1218450826805917,0.35977212971078004,0.4074074074074074,0.11517241379310345,0.04554098523307923,0.08275862068965517
2169,1,Support/Utility Player,1,1.163286640183985,0.29442755825734546,0.5213675213675214,0.11803588290840417,0.023199446886781376,0.09065155807365438
2170,0,Passive/Low Impact,2,0.4893617021276596,0.2736842105263158,0.5454545454545454,0.024475524475524476,0.0,0.031468531468531465
2171,2,Balanced Aggressor,1,1.2355694227769112,0.29078014184397166,0.5,0.12117647058823529,0.009929078014184398,0.06352941176470589
2172,0,Passive/Low Impact,2,0.7861271676300579,0.3869565217391304,0.3125,0.08064516129032258,0.017391304347826087,0.041474654377880185
2173,2,Balanced Aggressor,2,1.0651340996168583,0.4090909090909091,0.42857142857142855,0.09064327485380118,0.028925619834710745,0.04678362573099415
2174,1,Support/Utility Player,3,1.153958944281525,0.40144927536231884,0.4857142857142857,0.050102249488752554,0.05072463768115942,0.0838445807770961
2177,0,Passive/Low Impact,2,0.696078431372549,0.23387096774193547,0.2727272727272727,0.07279693486590039,0.04032258064516129,0.06513409961685823
2180,3,Dominant Fragger,0,1.754075124025514,0.4048458149779736,0.65,0.1126018207954001,0.016740088105726872,0.06420699568758984
2181,2,Balanced Aggressor,2,1.0956969376979937,0.3223039215686274,0.4631578947368421,0.0970171439896938,0.009966314288834852,0.05163016549400456
2182,0,Passive/Low Impact,2,0.6555023923444976,0.34545454545454546,0.5,0.052000000000000005,0.05454545454545454,0.032
2183,2,Balanced Aggressor,2,1.1023809523809525,0.3697674418604651,0.38095238095238093,0.08990825688073395,0.03953488372093024,0.04954128440366972
2184,1,Support/Utility Player,1,1.0838593327321913,0.36266924564796904,0.43103448275862066,0.05835543766578249,0.03481624758220503,0.06697612732095491
2186,0,Passive/Low Impact,2,0.7947882736156352,0.4243119266055046,0.39285714285714285,0.09610389610389611,0.02522935779816514,0.048051948051948054
2187,2,Balanced Aggressor,1,1.6428571428571428,0.29120879120879123,0.36363636363636365,0.11912943871706759,0.014285714285714285,0.05040091638029783
2191,0,Passive/Low Impact,2,0.8759842519685039,0.2661498708010336,0.2916666666666667,0.09350237717908083,0.015503875968992248,0.06656101426307448
2193,3,Dominant Fragger,0,1.389132821075741,0.502864698104892,0.45555555555555555,0.11964066966108615,0.03878360511238431,0.08860759493670887
2195,1,Support/Utility Player,1,1.024243410348194,0.414112098675857,0.4838709677419355,0.09001233045622689,0.040087066932704515,0.0623921085080148
2197,0,Passive/Low Impact,2,0.6456739258387286,0.24442082890541977,0.36363636363636365,0.020702070207020702,0.05207226354941551,0.0738073807380738
2199,2,Balanced Aggressor,1,1.102417302798982,0.35323549032688456,0.4573170731707317,0.08787593984962405,0.024349566377585057,0.044877819548872176
2201,2,Balanced Aggressor,1,1.10126582278481,0.3705035971223022,0.38461538461538464,0.17945007235890015,0.014388489208633096,0.02604920405209841
2202,3,Dominant Fragger,0,1.312788906009245,0.3739130434782609,0.5619469026548672,0.14796425024826218,0.04404536862003781,0.04816285998013902
2203,3,Dominant Fragger,1,1.2924944812362031,0.4612676056338028,0.4585635359116022,0.11525840853158326,0.03776734480959833,0.0625512715340443
2204,1,Support/Utility Player,1,1.12720156555773,0.36758893280632415,0.34782608695652173,0.125,0.021739130434782608,0.09615384615384616
2205,2,Balanced Aggressor,1,1.256797583081571,0.46216216216216216,0.375,0.09817351598173515,0.01891891891891892,0.04794520547945205
2206,1,Support/Utility Player,3,1.221736204576043,0.38280254777070066,0.49056603773584906,0.07803263182785529,0.02802547770700637,0.08985575786237882
2207,3,Dominant Fragger,3,1.2320129345189974,0.34568835098335854,0.6190476190476191,0.10728862973760933,0.03933434190620272,0.047813411078717206
2209,0,Passive/Low Impact,2,0.7622641509433964,0.36464088397790057,0.4166666666666667,0.040697674418604654,0.022099447513812154,0.06686046511627906
2210,1,Support/Utility Player,3,1.2101063829787233,0.39702233250620345,0.47619047619047616,0.12233009708737863,0.01488833746898263,0.0970873786407767
2211,3,Dominant Fragger,0,1.4888888888888892,0.4087272727272728,0.6909090909090909,0.14070680628272253,0.05018181818181819,0.07918848167539268
2213,2,Balanced Aggressor,1,1.229712858926342,0.3631756756756757,0.4880952380952381,0.09935304990757855,0.020833333333333332,0.04020332717190388
2214,2,Balanced Aggressor,1,1.3084544253632762,0.34142305570877,0.3424657534246575,0.10640443772062531,0.02181007538150395,0.054967221381744834
2215,1,Support/Utility Player,3,1.18238814477059,0.4110146500271296,0.5581395348837209,0.09453691848058045,0.023060227889310905,0.0949637217242851
2218,2,Balanced Aggressor,1,1.2130177514792901,0.3750879662209711,0.4657534246575342,0.09898341359015515,0.017593244194229415,0.05510968432316747
2219,2,Balanced Aggressor,0,1.2911971830985913,0.347112653834017,0.4338235294117647,0.14653465346534653,0.008204480908804039,0.044978783592644976
2221,2,Balanced Aggressor,2,0.8303130148270182,0.3614718614718615,0.3103448275862069,0.13517441860465115,0.006493506493506493,0.02180232558139535
2224,2,Balanced Aggressor,2,1.0420108567382584,0.324959914484233,0.47596153846153844,0.1045904590459046,0.014430785676109033,0.05202520252025202
2226,0,Passive/Low Impact,2,0.7298345398138573,0.30416130416130416,0.40782122905027934,0.06868072158226472,0.013728013728013728,0.03868724190393393
2227,1,Support/Utility Player,3,1.3507246376811595,0.39909297052154197,0.5789473684210527,0.09001956947162426,0.024943310657596373,0.09980430528375733
2228,1,Support/Utility Player,3,1.1476190476190475,0.21144278606965175,0.5238095238095238,0.0659536541889483,0.027363184079601994,0.1194295900178253
2229,0,Passive/Low Impact,2,0.8437499999999999,0.3764044943820225,0.3076923076923077,0.07766990291262137,0.005617977528089888,0.03236245954692557
2230,2,Balanced Aggressor,1,1.205298013245033,0.36065573770491804,0.5416666666666666,0.10139484978540772,0.011612021857923498,0.07188841201716738
2231,1,Support/Utility Player,3,1.0481117434040355,0.38704225352112676,0.4787234042553192,0.09120000000000002,0.011830985915492956,0.0872
2232,2,Balanced Aggressor,1,1.1015148327372186,0.3973991624421424,0.46220302375809935,0.09164051814305253,0.016235197467289155,0.05664172499798857
2236,0,Passive/Low Impact,2,0.9474429583005508,0.32351172579675286,0.5048231511254019,0.08069164265129683,0.029464822609741433,0.06051873198847262
2240,2,Balanced Aggressor,0,1.228995057660626,0.4362139917695474,0.5164835164835165,0.09836734693877551,0.01080246913580247,0.06530612244897958
2243,2,Balanced Aggressor,1,1.3221830985915495,0.32474964234620884,0.4666666666666667,0.1408083441981747,0.020028612303290415,0.054758800521512385
2244,1,Support/Utility Player,3,1.0952380952380953,0.4407582938388626,0.5416666666666666,0.05271565495207668,0.08056872037914693,0.0878594249201278
2246,2,Balanced Aggressor,1,1.0423627684964198,0.3463835434638355,0.5802469135802469,0.09896324222431668,0.0092899800928998,0.04052780395852969
2247,2,Balanced Aggressor,1,1.1258907363420427,0.34177215189873417,0.5,0.12062256809338522,0.005063291139240506,0.03696498054474708
2248,1,Support/Utility Player,0,1.2554517133956389,0.4321277595115077,0.5631067961165048,0.08456973293768547,0.026303428839830903,0.08048961424332345
2249,2,Balanced Aggressor,0,1.2970401691331923,0.4531886024423338,0.5051546391752577,0.10007668711656442,0.02170963364993216,0.06211656441717791
2250,0,Passive/Low Impact,2,0.8943396226415095,0.2772277227722772,0.38461538461538464,0.05421686746987951,0.009900990099009901,0.03313253012048193
2251,1,Support/Utility Player,1,1.1149897330595482,0.309114927344782,0.475,0.10699717602761218,0.02994275649493615,0.07718857860056479
2253,2,Balanced Aggressor,0,1.104485049833887,0.4746592100664103,0.5767918088737202,0.10203058410629232,0.041244320167773504,0.0427425419904738
2254,0,Passive/Low Impact,2,0.843423019431988,0.3374644978053189,0.4069767441860465,0.07867212369258754,0.026336173508907823,0.03304532363195392
2255,1,Support/Utility Player,3,1.2706681766704417,0.30990806945863125,0.49130434782608695,0.09718670076726342,0.04106230847803881,0.06601662404092072
2257,2,Balanced Aggressor,0,1.1511454924129723,0.39266706091070375,0.47560975609756095,0.12787189603156185,0.01744529863985807,0.030401485263402184
2259,2,Balanced Aggressor,1,1.0843900306077832,0.4198047419804742,0.4732142857142857,0.09585406301824212,0.021385402138540215,0.03980099502487562
2260,1,Support/Utility Player,3,1.0433509080257763,0.41567065073041165,0.4883720930232558,0.08189464364763169,0.014608233731739707,0.09074811863656486
2261,1,Support/Utility Player,1,1.0257627118644066,0.40536149471974003,0.5633802816901409,0.07751540041067762,0.021121039805036556,0.0677618069815195
2262,1,Support/Utility Player,3,1.6695652173913043,0.3047404063205418,0.5833333333333334,0.10276243093922652,0.03837471783295711,0.11602209944751381
2263,2,Balanced Aggressor,0,1.2038567493112948,0.45126835781041397,0.5,0.1081370449678801,0.009345794392523364,0.06745182012847967
2264,2,Balanced Aggressor,1,0.9992593202205582,0.4255299280978616,0.4737704918032787,0.08321922071455246,0.019796432906900738,0.05558321922071455
2265,2,Balanced Aggressor,1,1.0747734138972809,0.3479141352774403,0.4552238805970149,0.1269746646795827,0.029161603888213854,0.038748137108792845
2266,0,Passive/Low Impact,1,1.0293040293040294,0.310838445807771,0.42857142857142855,0.09452054794520548,0.03680981595092025,0.03972602739726026
2269,3,Dominant Fragger,0,1.405264980949082,0.44296048970506396,0.5612244897959183,0.11531667928337119,0.023094045631608235,0.052611657834973506
2270,2,Balanced Aggressor,1,1.1883216663821068,0.39505358615004127,0.43727598566308246,0.12440507667900581,0.011541632316570486,0.060021152829190905
2271,0,Passive/Low Impact,2,0.7615230460921844,0.3867924528301887,0.43478260869565216,0.04071661237785016,0.006289308176100629,0.06677524429967427
2272,2,Balanced Aggressor,1,1.2184873949579833,0.38703703703703707,0.5,0.12235649546827795,0.02592592592592593,0.06948640483383686
2273,3,Dominant Fragger,0,1.27488956846755,0.39573957395739573,0.6510067114093959,0.14453224573030843,0.022802280228022803,0.045118531735916394
2275,0,Passive/Low Impact,1,1.006060606060606,0.3018867924528302,0.4,0.07858243451463791,0.014740566037735848,0.023112480739599383
2276,3,Dominant Fragger,0,1.470290771175727,0.4988078206962327,0.475,0.14108674928503337,0.02098235574630425,0.0657769304099142
2277,2,Balanced Aggressor,0,1.0218782249742002,0.40996080239797095,0.46956521739130436,0.12224899598393575,0.014589603221191069,0.04819277108433735
2278,1,Support/Utility Player,1,1.191997418522104,0.3833177132146205,0.4899328859060403,0.1111944027986007,0.0443611371446423,0.0704647676161919
2280,3,Dominant Fragger,0,1.373446046742914,0.4142739950779327,0.5588235294117647,0.12117903930131003,0.027481542247744052,0.04985443959243086
2282,0,Passive/Low Impact,2,0.9756838905775076,0.3096085409252669,0.3125,0.07962529274004684,0.017793594306049824,0.06791569086651054
2283,1,Support/Utility Player,3,1.0446552521980565,0.3111389236545682,0.5619469026548672,0.07778510217534608,0.04806007509386733,0.053889255108767305
2285,1,Support/Utility Player,3,1.043766578249337,0.4124629080118694,0.4189189189189189,0.0960960960960961,0.060089020771513346,0.07907907907907907
2286,1,Support/Utility Player,3,1.2571934484285079,0.3125,0.4672131147540984,0.09639667385278719,0.04617834394904458,0.07822605481983369
2287,3,Dominant Fragger,0,1.2699530516431925,0.5031315240083508,0.5967741935483871,0.12780548628428928,0.015309672929714685,0.03865336658354115
2288,2,Balanced Aggressor,1,1.081923890063425,0.32579444603492697,0.4388888888888889,0.12685337726523888,0.02118522759805325,0.03459637561779242
2289,2,Balanced Aggressor,1,1.1527241527241527,0.5181545752317235,0.40620384047267355,0.10177811715937603,0.037762232717563966,0.04794371113777681
2290,0,Passive/Low Impact,1,0.9995256166982922,0.3721560130010834,0.39814814814814814,0.08813808299669483,0.009750812567713976,0.06132941608520015
2291,0,Passive/Low Impact,2,1.0711945189156986,0.2773298935827152,0.4294478527607362,0.07863876753276615,0.016446307642695904,0.04805702460335709
2292,3,Dominant Fragger,0,1.6595744680851063,0.3942652329749104,0.7,0.11846689895470383,0.007168458781362008,0.07317073170731708
2295,2,Balanced Aggressor,1,1.121757925072046,0.3194444444444445,0.3924050632911392,0.13754227733934613,0.01608187134502924,0.020293122886133032
2296,0,Passive/Low Impact,2,0.691866028708134,0.3005686433793664,0.494949494949495,0.042105263157894736,0.01380991064175467,0.07030075187969925
2297,2,Balanced Aggressor,1,1.2210953346855986,0.3435414212799372,0.5203252032520326,0.1071645415907711,0.018845700824499413,0.06800242865816636
2298,3,Dominant Fragger,1,1.3465773097175682,0.42206235011990406,0.47058823529411764,0.1291970802919708,0.03557154276578737,0.05766423357664233
2299,1,Support/Utility Player,1,1.110186230248307,0.37264221001039655,0.5246376811594203,0.10742146320893949,0.03371454032377841,0.06441071052076745
2301,2,Balanced Aggressor,2,1.0710659898477157,0.30133333333333334,0.5263157894736842,0.09393346379647749,0.016,0.05283757338551859
2303,0,Passive/Low Impact,2,1.0852335620987381,0.2716803760282021,0.49137931034482757,0.09258320662274033,0.01762632197414806,0.06808582530832911
2304,1,Support/Utility Player,0,1.3354011579818033,0.39091067386383427,0.6861313868613139,0.0955831127211927,0.06442625805328225,0.07315034136825972
2305,2,Balanced Aggressor,1,1.4376708583925641,0.35430038510911427,0.47368421052631576,0.11643564356435644,0.010538994278831676,0.048712871287128715
2308,2,Balanced Aggressor,1,1.2647058823529411,0.3938053097345133,0.36363636363636365,0.10139860139860139,0.008849557522123894,0.04895104895104895
2311,3,Dominant Fragger,3,1.1126126126126124,0.39712918660287083,0.8181818181818182,0.07692307692307691,0.023923444976076555,0.056856187290969896
2312,1,Support/Utility Player,3,1.0468106995884774,0.3191998873080716,0.4807692307692308,0.09280208229051956,0.006902380616988308,0.10952047251977175
2315,2,Balanced Aggressor,0,1.1133333333333333,0.397212543554007,0.4666666666666667,0.13471502590673576,0.010452961672473868,0.0310880829015544
2319,0,Passive/Low Impact,2,0.9037603569152326,0.250936329588015,0.3815028901734104,0.0660175730230349,0.03934519834702745,0.046069817145571124
2320,3,Dominant Fragger,0,1.6726190476190474,0.3118908382066277,0.75,0.11240310077519379,0.021442495126705655,0.0755813953488372
2321,1,Support/Utility Player,3,1.0543478260869565,0.328,0.625,0.08,0.032,0.08
2322,0,Passive/Low Impact,2,0.647887323943662,0.28342245989304815,0.29411764705882354,0.05911330049261084,0.026737967914438502,0.04926108374384237
2323,0,Passive/Low Impact,2,0.8217497955846278,0.3738207547169811,0.48214285714285715,0.06593406593406594,0.020047169811320754,0.03619909502262444
2324,1,Support/Utility Player,3,1.2755801104972375,0.39191564147627417,0.5655737704918032,0.07496507837963681,0.030267525873852764,0.06813596150861399
2325,2,Balanced Aggressor,3,1.1855828220858895,0.3169642857142857,0.6285714285714286,0.12114285714285714,0.02976190476190476,0.04342857142857143
2326,1,Support/Utility Player,3,1.1918918918918917,0.37354085603112847,0.55,0.06932573599240266,0.042801556420233464,0.06647673314339982
2327,1,Support/Utility Player,1,1.2405618964003513,0.32417138237671783,0.4603174603174603,0.09987515605493133,0.01859337105901374,0.09488139825218476
2328,0,Passive/Low Impact,2,1.0842911877394636,0.2897959183673469,0.5,0.08433734939759037,0.008163265306122448,0.06927710843373493
2332,1,Support/Utility Player,3,0.9204545454545454,0.27697841726618705,0.3333333333333333,0.05648535564853556,0.05755395683453237,0.11715481171548117
2333,3,Dominant Fragger,0,1.255246738513897,0.3699392712550607,0.4880952380952381,0.18297101449275363,0.02580971659919028,0.05117753623188406
2334,2,Balanced Aggressor,1,1.3045685279187818,0.3094027954256671,0.5652173913043478,0.12242686890574214,0.011435832274459974,0.05579631635969664
2337,0,Passive/Low Impact,2,0.7695652173913042,0.2972972972972973,0.2727272727272727,0.06785714285714287,0.006756756756756757,0.05357142857142857
2338,1,Support/Utility Player,1,1.2302045097011012,0.41910705712914065,0.4720812182741117,0.09770876727892444,0.04824771963514163,0.0776368112099981
2340,3,Dominant Fragger,0,1.3256219991270188,0.44683216005928117,0.5289256198347108,0.13213497319457584,0.0448314190440904,0.06401766004415012
2342,1,Support/Utility Player,3,1.1127982646420822,0.337995337995338,0.43478260869565216,0.08032786885245903,0.11655011655011656,0.07704918032786887
2343,0,Passive/Low Impact,3,1.0097833682739346,0.25485436893203883,0.42857142857142855,0.0844017094017094,0.03478964401294499,0.06356837606837608
2345,3,Dominant Fragger,0,1.316635265432783,0.5501730103806228,0.5359477124183006,0.10996983777614738,0.06553487045787844,0.06823184152604549
2346,2,Balanced Aggressor,2,1.1440217391304348,0.2822141560798548,0.515625,0.08327911515940144,0.018148820326678767,0.04294079375406636
2348,0,Passive/Low Impact,2,1.0270178993583248,0.26590909090909093,0.4583333333333333,0.09600210415570752,0.013257575757575758,0.05470804839558127
2349,1,Support/Utility Player,1,1.2547468354430378,0.45866417561886963,0.4789473684210526,0.09459719284752932,0.039701074264362445,0.07498557969621227
2350,2,Balanced Aggressor,3,1.2086258776328989,0.3796992481203007,0.4489795918367347,0.08742774566473988,0.018796992481203006,0.07225433526011561
2351,0,Passive/Low Impact,2,0.6765119549929677,0.2113022113022113,0.4722222222222222,0.027624309392265192,0.002457002457002457,0.09834254143646409
2352,3,Dominant Fragger,0,1.549810844892812,0.3612903225806452,0.4523809523809524,0.1317157712305026,0.023963133640552997,0.06499133448873483
2354,3,Dominant Fragger,0,1.3814102564102564,0.5552699228791774,0.5333333333333333,0.18781725888324874,0.02056555269922879,0.04060913705583757
2355,2,Balanced Aggressor,1,1.135634588563459,0.36210453920220087,0.5149253731343284,0.12851405622489961,0.032221199491162575,0.04257028112449799
2356,1,Support/Utility Player,1,1.0930619027835478,0.4951084644831987,0.5042735042735043,0.08663134933000935,0.045937898766482355,0.06544094733561857
2357,1,Support/Utility Player,3,1.0014720314033367,0.3247126436781609,0.5346534653465347,0.05221637866265965,0.024959770114942527,0.10706235912847482
2358,1,Support/Utility Player,3,1.0907378335949764,0.3471380471380472,0.5493827160493827,0.0818926296633303,0.04410774410774411,0.06824385805277526
2359,2,Balanced Aggressor,1,1.3382820784729588,0.33241758241758246,0.5531914893617021,0.1204724409448819,0.017399267399267396,0.05196850393700787
2360,1,Support/Utility Player,1,1.2804730139478473,0.41287977148792526,0.4411764705882353,0.10846380757885182,0.03759392198088473,0.0785114590424325
2361,2,Balanced Aggressor,0,1.2627218934911242,0.507465825446898,0.4807692307692308,0.1297514619883041,0.0018927444794952682,0.017178362573099418
2363,1,Support/Utility Player,1,1.1579937304075236,0.3958980733374767,0.5,0.11085766423357665,0.04785581106277191,0.06843065693430657
2364,1,Support/Utility Player,3,1.0084985835694051,0.42531120331950206,0.5471698113207547,0.08211551844119694,0.04564315352697096,0.08629088378566457
2365,1,Support/Utility Player,3,1.030690537084399,0.5136612021857924,0.36363636363636365,0.08378870673952642,0.01912568306010929,0.11293260473588344
2366,2,Balanced Aggressor,1,1.206798866855524,0.3089495398286258,0.45774647887323944,0.12447478991596639,0.016401770485111572,0.04976365546218488
2367,1,Support/Utility Player,3,1.128751210067764,0.3422090729783037,0.5294117647058824,0.10526315789473684,0.02564102564102564,0.09601706970128022
2368,0,Passive/Low Impact,3,1.01010101010101,0.3043766578249337,0.37349397590361444,0.0699074074074074,0.035145888594164454,0.0837962962962963
2369,1,Support/Utility Player,3,1.3094315245478034,0.47164179104477616,0.4810126582278481,0.0905971173644475,0.017751428151656312,0.09402882635552506
2370,2,Balanced Aggressor,1,1.0322580645161292,0.4067796610169492,0.5,0.06966292134831462,0.013559322033898305,0.040449438202247195
2373,1,Support/Utility Player,1,0.9896440129449839,0.40175310445580714,0.5061728395061729,0.0499075785582255,0.04017531044558072,0.06423290203327171
2374,3,Dominant Fragger,0,1.501897933361451,0.38650781370880394,0.6121673003802282,0.15565217391304345,0.04337450988153196,0.0536231884057971
2375,3,Dominant Fragger,0,1.5361366622864652,0.5492556224263542,0.5391061452513967,0.15005812110324424,0.03548533762570597,0.03952235020606573
2376,0,Passive/Low Impact,3,0.8822463768115943,0.275,0.48148148148148145,0.06993006993006994,0.05499999999999999,0.047552447552447544
2377,1,Support/Utility Player,3,1.2075471698113207,0.2843373493975903,0.5652173913043478,0.064891846921797,0.03614457831325301,0.0632279534109817
2378,0,Passive/Low Impact,3,0.8925619834710744,0.34205607476635513,0.42857142857142855,0.05597416576964478,0.026168224299065422,0.09041980624327232
2380,0,Passive/Low Impact,1,1.0912006414111044,0.3334736842105263,0.4860557768924303,0.07051094890510949,0.03621052631578947,0.049781021897810224
2381,2,Balanced Aggressor,0,1.1585872576177285,0.42186452045606976,0.5441176470588235,0.10957446808510637,0.015425888665325287,0.04202127659574467
2384,1,Support/Utility Player,3,1.269151138716356,0.40243902439024387,0.5555555555555556,0.0660377358490566,0.03484320557491289,0.07816711590296495
2385,2,Balanced Aggressor,1,1.0794090489381347,0.3811394891944991,0.5254237288135594,0.07223326706428097,0.017681728880157174,0.03578528827037773
2386,1,Support/Utility Player,3,1.1097137901127494,0.32280012095554883,0.49162011173184356,0.07929744335896903,0.032053220441487756,0.0995635003117855
2387,3,Dominant Fragger,0,1.3969669937555753,0.40464104423495284,0.5901639344262295,0.08886183810103469,0.023205221174764323,0.0584297017650639
2388,2,Balanced Aggressor,1,1.1827757125154894,0.38126491646778043,0.4935064935064935,0.09881796690307329,0.04653937947494033,0.03829787234042553
2389,1,Support/Utility Player,3,0.7557755775577557,0.3883248730964467,0.4827586206896552,0.06962025316455696,0.08375634517766498,0.04556962025316455
2391,0,Passive/Low Impact,1,0.9966755319148938,0.384595766386126,0.5,0.06077348066298342,0.026523845957663862,0.05638609034774131
2392,1,Support/Utility Player,3,1.2261835184102863,0.42105263157894735,0.5257731958762887,0.0781618224666143,0.045188729399255716,0.10251374705420266
2393,2,Balanced Aggressor,0,1.1191222570532915,0.4517184942716857,0.41935483870967744,0.11694510739856802,0.022913256955810146,0.059665871121718374
2394,2,Balanced Aggressor,1,1.0,0.3857677902621723,0.5,0.0960591133004926,0.0299625468164794,0.034482758620689655
2395,2,Balanced Aggressor,0,1.1396047430830039,0.4610732009925559,0.41118421052631576,0.13258706467661693,0.029931761786600494,0.03631840796019901
2397,2,Balanced Aggressor,1,0.9100418410041841,0.3042253521126761,0.47619047619047616,0.11091549295774648,0.01408450704225352,0.03345070422535211
2398,0,Passive/Low Impact,2,0.9792531120331949,0.3215590742996346,0.48,0.07148468185388845,0.0097442143727162,0.04870384917517675
2399,2,Balanced Aggressor,1,1.2304199772985245,0.4151925078043705,0.32608695652173914,0.09803921568627451,0.018730489073881376,0.07161125319693096
2400,1,Support/Utility Player,3,0.8770997235806931,0.3388598022105876,0.484304932735426,0.0548868560423688,0.038394415357766144,0.09565077836623334
2403,2,Balanced Aggressor,0,1.0656901908566354,0.4387437810945274,0.46105919003115264,0.1486649025739716,0.018345771144278607,0.05448640846764493
2404,1,Support/Utility Player,3,1.1541155866900175,0.39434703748488514,0.5087719298245614,0.08216216216216216,0.04700725513905683,0.0707027027027027
2407,2,Balanced Aggressor,1,1.363919451941042,0.31590869489458095,0.483739837398374,0.12599160055996267,0.014636696288552015,0.07683932182298958
2409,2,Balanced Aggressor,1,1.1163227016885555,0.35205992509363293,0.38461538461538464,0.09002770083102493,0.009363295880149813,0.03739612188365651
2410,1,Support/Utility Player,3,1.3565789473684209,0.3758169934640523,0.7045454545454546,0.07036059806508356,0.03159041394335512,0.10729991204925242
2412,2,Balanced Aggressor,1,1.0752445447705041,0.3125,0.5401459854014599,0.12136350279165443,0.04261363636363636,0.025565677343520422
2415,3,Dominant Fragger,0,1.7955465587044537,0.4544871794871795,0.5892857142857143,0.17445917655268667,0.02564102564102564,0.05931612002791346
2416,1,Support/Utility Player,1,1.0954231433506043,0.42200180342651034,0.5083333333333333,0.08317460317460316,0.03561767357980162,0.06698412698412698
2418,2,Balanced Aggressor,1,1.0520984081041969,0.4962292609351433,0.32558139534883723,0.10593713620488941,0.012066365007541477,0.08149010477299184
2419,1,Support/Utility Player,3,1.0227841066963048,0.32329440688383526,0.49444444444444446,0.08244305583551703,0.019360786724031957,0.08929651279983875
2420,1,Support/Utility Player,1,1.3731891056596484,0.379254193128155,0.5204460966542751,0.10235569637691143,0.05390001628399284,0.08720209395233502
2421,1,Support/Utility Player,3,1.1206482593037215,0.3318499682136046,0.3953488372093023,0.08303249097472924,0.039415130324221226,0.069043321299639
2422,0,Passive/Low Impact,2,1.0533024333719583,0.2939729397293973,0.44680851063829785,0.07089859851607584,0.025830258302583026,0.08491343775762572
2424,0,Passive/Low Impact,2,0.777639751552795,0.27969348659003834,0.3684210526315789,0.04964539007092199,0.007662835249042145,0.07193515704154002
2427,1,Support/Utility Player,3,1.2662942271880817,0.33661740558292286,0.7096774193548387,0.10997442455242967,0.04926108374384237,0.11892583120204603
2428,2,Balanced Aggressor,1,1.1375266524520253,0.33862433862433866,0.2765957446808511,0.142974527526705,0.022222222222222223,0.03944124897288413
2430,3,Dominant Fragger,0,1.5246440306681268,0.4817781337605126,0.5957446808510638,0.1547711404189294,0.022827392871445737,0.05702094647013188
2433,0,Passive/Low Impact,2,1.0485074626865671,0.3386454183266932,0.4666666666666667,0.06417112299465241,0.01593625498007968,0.0641711229946524
2434,0,Passive/Low Impact,3,0.6317829457364341,0.42857142857142855,0.34782608695652173,0.06365159128978225,0.052631578947368425,0.05025125628140704
2437,2,Balanced Aggressor,1,1.1582662713539462,0.30967741935483867,0.47093023255813954,0.08926456336814903,0.015427769985974754,0.030472703779476685
2439,0,Passive/Low Impact,2,0.7145438121047877,0.2335329341317365,0.49019607843137253,0.042918454935622324,0.016467065868263474,0.06294706723891273
2442,1,Support/Utility Player,3,1.4522691705790298,0.35194174757281554,0.5714285714285714,0.08836689038031319,0.04733009708737864,0.11073825503355703
2443,1,Support/Utility Player,1,1.5413533834586466,0.2615384615384615,0.4,0.0606060606060606,0.020512820512820513,0.08585858585858587
2445,2,Balanced Aggressor,0,1.3568177320403723,0.3522932763439093,0.4541832669322709,0.12492677211482132,0.03123458819661351,0.05243116578793205
2447,2,Balanced Aggressor,1,1.2266009852216748,0.21495327102803738,0.36363636363636365,0.1338289962825279,0.05140186915887851,0.01858736059479554
2449,1,Support/Utility Player,3,1.1213154689403166,0.3860616695913763,0.43119266055045874,0.07021537383995798,0.04361995487590875,0.08562423393451234
2450,3,Dominant Fragger,0,1.4149019607843139,0.4503435352904434,0.5373134328358209,0.1239143022582513,0.012492192379762646,0.052692530399536766
2452,2,Balanced Aggressor,1,1.0088706925963835,0.40842911877394633,0.47794117647058826,0.11726384364820845,0.031800766283524906,0.06297502714440825
2453,3,Dominant Fragger,0,1.3918191603875134,0.3899317406143345,0.4942528735632184,0.173842404549147,0.016638225255972697,0.051584077985377744
2456,2,Balanced Aggressor,1,1.1374207188160677,0.4249820531227566,0.4788732394366197,0.06635562467599793,0.035175879396984924,0.047174701918092275
2457,1,Support/Utility Player,1,1.3571428571428572,0.28628230616302186,0.4782608695652174,0.12790697674418605,0.027833001988071572,0.08222591362126247
2458,2,Balanced Aggressor,1,1.1636161952301718,0.3694390715667311,0.5310734463276836,0.11062039957939011,0.04089527493782812,0.04164037854889589
2459,0,Passive/Low Impact,2,0.6280193236714976,0.3755868544600939,0.2631578947368421,0.05263157894736842,0.0,0.03508771929824562
2460,1,Support/Utility Player,3,1.1347262247838616,0.39621267297887836,0.4383561643835616,0.08080288214101905,0.048069919883466865,0.06845084920226453
2461,1,Support/Utility Player,1,1.3380384967919339,0.4000625586487332,0.5321428571428571,0.11212241129138636,0.04066312167657179,0.07584751352064371
2462,1,Support/Utility Player,3,1.1764705882352942,0.4411764705882353,0.7272727272727273,0.07553956834532374,0.0392156862745098,0.06115107913669064
2463,1,Support/Utility Player,3,0.7818930041152263,0.36774193548387096,0.75,0.052959501557632405,0.01935483870967742,0.102803738317757
2465,1,Support/Utility Player,3,0.9943133352288884,0.30129267484255884,0.47701149425287354,0.05673608159796006,0.029499502817368243,0.08669783255418616
2466,2,Balanced Aggressor,1,1.15041782729805,0.4405405405405406,0.2631578947368421,0.08779443254817988,0.01891891891891892,0.0556745182012848
2469,2,Balanced Aggressor,1,1.1559513466550826,0.30729613733905575,0.45454545454545453,0.12554843064461693,0.01602551482458558,0.0641241984475194
2471,2,Balanced Aggressor,1,1.0761421319796955,0.4751381215469613,0.4,0.08737864077669903,0.027624309392265192,0.07378640776699029
2474,3,Dominant Fragger,0,1.6610738255033557,0.3747276688453159,0.6,0.14527845036319612,0.0021786492374727667,0.07748184019370459
2477,1,Support/Utility Player,3,1.1227154046997387,0.35051546391752586,0.5,0.09055876685934489,0.018041237113402067,0.08092485549132948
2479,1,Support/Utility Player,3,1.4376947040498442,0.36175395858708886,0.6764705882352942,0.07583965330444202,0.020706455542021922,0.11484290357529793
2482,2,Balanced Aggressor,1,1.0439234707625975,0.3818128825415331,0.4945054945054945,0.09714404836356055,0.020402215097639176,0.05065666041275798
2483,2,Balanced Aggressor,1,1.310580204778157,0.4682080924855492,0.4666666666666667,0.08312958435207823,0.002890173410404624,0.05378973105134475
2485,2,Balanced Aggressor,1,1.4221556886227544,0.34823529411764703,0.5555555555555556,0.1090146750524109,0.004705882352941176,0.04402515723270441
2486,2,Balanced Aggressor,0,1.2304421768707483,0.4579510703363915,0.5737704918032787,0.09742300439974858,0.011467889908256881,0.06725329981143935
2487,2,Balanced Aggressor,1,1.156633782967586,0.34524530587522717,0.4186991869918699,0.12395209580838322,0.034524530587522716,0.05943113772455089
2488,1,Support/Utility Player,1,1.317803660565724,0.21499999999999997,0.43548387096774194,0.12040700960994913,0.011428571428571427,0.09553420011305824
2489,1,Support/Utility Player,3,0.9958232282403665,0.38495710784313725,0.5,0.09520386155900173,0.04993872549019608,0.070042107425285
2490,2,Balanced Aggressor,0,1.1087179487179486,0.4838709677419355,0.5833333333333334,0.11430793157076205,0.02393340270551509,0.038102643856920686
2491,0,Passive/Low Impact,2,0.9402173913043478,0.33747609942638623,0.4098360655737705,0.06816834617664494,0.027724665391969407,0.040308239478363955
2493,0,Passive/Low Impact,3,0.9621710526315789,0.2663533098315707,0.4093567251461988,0.04382566585956417,0.04465334900117509,0.08958837772397095
2494,0,Passive/Low Impact,2,1.147186147186147,0.26016260162601623,0.25,0.08841463414634146,0.004065040650406504,0.07621951219512196
2495,2,Balanced Aggressor,1,1.093580819798917,0.3952380952380952,0.40298507462686567,0.07118451025056947,0.015079365079365078,0.05580865603644647
2499,2,Balanced Aggressor,1,1.1001589825119238,0.365684575389948,0.4827586206896552,0.11728395061728396,0.019064124783362217,0.03703703703703704
2500,1,Support/Utility Player,3,1.3160919540229883,0.375984251968504,0.47019867549668876,0.1152542372881356,0.10995500562429697,0.04527845036319613
2501,2,Balanced Aggressor,1,1.0645,0.3156424581005587,0.5151515151515151,0.13416536661466458,0.01340782122905028,0.05343213728549142
2502,1,Support/Utility Player,0,1.4318181818181817,0.33702213279678067,0.6046511627906976,0.07971014492753624,0.014084507042253523,0.08061594202898552
2503,3,Dominant Fragger,0,1.347972972972973,0.546742209631728,0.5333333333333333,0.10714285714285714,0.028328611898016994,0.030612244897959186
2505,2,Balanced Aggressor,0,1.3039473684210525,0.3871733966745844,0.5490196078431373,0.08333333333333334,0.019002375296912115,0.06135531135531136
2506,0,Passive/Low Impact,1,1.306122448979592,0.3313782991202346,0.35714285714285715,0.05365853658536585,0.011730205278592374,0.048780487804878044
2507,2,Balanced Aggressor,1,1.1752988047808763,0.29124236252545826,0.5,0.11944869831546708,0.01629327902240326,0.045941807044410414
2508,3,Dominant Fragger,0,1.213326941514861,0.474269819193324,0.5247524752475248,0.11697979439914924,0.03337969401947149,0.0815313718539525
2510,0,Passive/Low Impact,2,1.0142857142857142,0.326530612244898,0.2857142857142857,0.07105263157894737,0.020408163265306124,0.049999999999999996
2511,0,Passive/Low Impact,3,0.7347670250896058,0.42857142857142855,0.3076923076923077,0.055072463768115934,0.05714285714285715,0.04057971014492754
2514,0,Passive/Low Impact,2,0.9806248486316299,0.2875855909496874,0.4975124378109453,0.09258215962441314,0.027389103899970228,0.056901408450704224
2515,2,Balanced Aggressor,1,1.1656521739130437,0.3593278759155536,0.4789915966386555,0.07471819645732689,0.01981904351572598,0.06247987117552335
2516,0,Passive/Low Impact,2,1.0471950133570793,0.3142857142857143,0.5,0.08513513513513514,0.02142857142857143,0.06351351351351352
2517,1,Support/Utility Player,3,1.2128325508607198,0.3949032738095238,0.5444015444015444,0.09010424103955447,0.05023114502583979,0.07882336141653576
2518,0,Passive/Low Impact,1,1.0793650793650793,0.3630952380952381,0.2727272727272727,0.10424710424710425,0.017857142857142856,0.0694980694980695
2519,1,Support/Utility Player,3,1.035889070146819,0.4303571428571428,0.36666666666666664,0.052825552825552825,0.017857142857142856,0.11425061425061424
2520,2,Balanced Aggressor,3,0.9816513761467892,0.365079365079365,0.45454545454545453,0.10112359550561797,0.021164021164021163,0.07116104868913857
2523,2,Balanced Aggressor,1,1.0227790432801824,0.39892183288409705,0.55,0.09892086330935251,0.016172506738544472,0.03597122302158273
2524,2,Balanced Aggressor,1,1.2213740458015265,0.3425414364640884,0.37037037037037035,0.16666666666666669,0.027624309392265196,0.04434250764525994
2525,2,Balanced Aggressor,1,1.0851165002377556,0.4849233811171528,0.4803921568627451,0.08807538963392533,0.021176470588235293,0.07575208408843782
2527,2,Balanced Aggressor,1,1.2327823691460056,0.3078418664938432,0.5540540540540541,0.09395302348825586,0.016850291639662996,0.062468765617191405
2528,0,Passive/Low Impact,2,1.0091549295774647,0.2683313515655965,0.4772727272727273,0.08257638315441784,0.015975165878497972,0.06991467107074044
2529,2,Balanced Aggressor,0,1.1402157164869031,0.4095153401511783,0.5136363636363637,0.10623084780388152,0.022009782125389062,0.03949608443990467
2530,0,Passive/Low Impact,2,0.9519230769230769,0.33132530120481923,0.5,0.0749063670411985,0.03012048192771084,0.06741573033707865
2531,2,Balanced Aggressor,1,0.9618155619596541,0.41935483870967744,0.5909090909090909,0.08756274400446179,0.009590235396687009,0.05521472392638037
2533,2,Balanced Aggressor,1,0.8811188811188811,0.4,0.5277777777777778,0.07785087719298246,0.007207207207207207,0.051535087719298246
2535,2,Balanced Aggressor,1,1.0829694323144103,0.3288888888888889,0.3076923076923077,0.1357142857142857,0.0,0.039285714285714285
2536,2,Balanced Aggressor,1,1.0593976106343599,0.4729681346222699,0.5352112676056338,0.09818181818181818,0.015753669889008233,0.03636363636363636
2537,3,Dominant Fragger,0,1.401496259351621,0.2099009900990099,0.7142857142857143,0.17318435754189945,0.0019801980198019802,0.08193668528864059
2542,1,Support/Utility Player,1,1.1308411214953271,0.3206831119544592,0.5,0.09695290858725762,0.02846299810246679,0.0664819944598338
2543,0,Passive/Low Impact,2,0.9604743083003954,0.35764705882352943,0.4,0.07894736842105263,0.014117647058823528,0.043343653250774
2545,3,Dominant Fragger,0,1.8125,0.4872881355932203,0.8235294117647058,0.15090090090090091,0.00847457627118644,0.06756756756756757
2546,2,Balanced Aggressor,1,1.1557093425605536,0.38666666666666666,0.4666666666666667,0.0782828282828283,0.016666666666666666,0.06313131313131314
2547,3,Dominant Fragger,3,1.3125695216907673,0.34782608695652173,0.625,0.11883589329021828,0.01482213438735178,0.10024252223120451
2548,2,Balanced Aggressor,1,1.2157842157842158,0.3458646616541353,0.5111111111111111,0.12903225806451613,0.02537593984962406,0.06058221872541307
2550,3,Dominant Fragger,0,1.404214559386973,0.46440844378988716,0.6341463414634146,0.13259668508287292,0.025527736867943056,0.06629834254143646
2551,3,Dominant Fragger,0,1.3264094955489614,0.4256410256410256,0.625,0.16173120728929385,0.023076923076923078,0.025056947608200455
2554,1,Support/Utility Player,3,1.1954187544738726,0.3213296398891967,0.5394736842105263,0.06649874055415618,0.05332409972299169,0.060453400503778336
2555,1,Support/Utility Player,1,1.1039555410264792,0.44800275482093666,0.4304635761589404,0.09944889779559118,0.04338842975206612,0.06688376753507014
2557,2,Balanced Aggressor,1,1.114942528735632,0.32552693208430916,0.4782608695652174,0.08777969018932875,0.03278688524590164,0.04819277108433735
2559,3,Dominant Fragger,0,1.4628378378378377,0.3111298482293423,0.5961538461538461,0.09765329295987889,0.021079258010118045,0.07418622255866768
2560,2,Balanced Aggressor,1,1.1058126410835214,0.4254285714285715,0.4918918918918919,0.07994333130945153,0.025714285714285714,0.052620926937866824
2562,2,Balanced Aggressor,1,1.173674588665448,0.36267605633802813,0.4838709677419355,0.1375886524822695,0.01232394366197183,0.075177304964539
2563,1,Support/Utility Player,3,1.1972076788830717,0.22522026431718062,0.5869565217391305,0.09083227714406421,0.017070484581497798,0.06337135614702154
2564,0,Passive/Low Impact,2,1.0104929716887745,0.2776396111236717,0.4817813765182186,0.09647611589663274,0.01876554374858693,0.05779169929522318
2565,2,Balanced Aggressor,1,1.12807881773399,0.39370078740157477,0.55,0.06716417910447761,0.01837270341207349,0.05970149253731343
2566,2,Balanced Aggressor,2,1.2962962962962963,0.3276699029126213,0.5,0.06870229007633588,0.009708737864077669,0.0648854961832061
2570,0,Passive/Low Impact,3,0.9208731241473397,0.37543252595155713,0.43243243243243246,0.07868852459016394,0.01903114186851211,0.07978142076502732
2571,1,Support/Utility Player,3,0.9770162117791914,0.366943359375,0.5371900826446281,0.07951693851944792,0.015625,0.07779171894604767
2572,2,Balanced Aggressor,0,1.0662824207492796,0.4799999999999999,0.3888888888888889,0.14385150812064967,0.00923076923076923,0.03944315545243619
2573,1,Support/Utility Player,0,1.3499031633311813,0.3573806881243063,0.6024096385542169,0.107756618671621,0.04605993340732519,0.06688341848583372
2575,1,Support/Utility Player,1,1.1477428180574556,0.378561736770692,0.4864864864864865,0.09595959595959595,0.04613297150610584,0.05858585858585858
2576,2,Balanced Aggressor,0,1.1183063511830635,0.4391765439800374,0.43037974683544306,0.12054660810151292,0.022457891453524642,0.042947779404587605
2577,0,Passive/Low Impact,3,0.5942622950819672,0.319672131147541,0.3333333333333333,0.05574912891986062,0.09836065573770493,0.05226480836236934
2579,2,Balanced Aggressor,1,1.1369863013698631,0.36231884057971014,0.5490196078431373,0.09658678286129267,0.016563146997929608,0.07044299201161947
2580,2,Balanced Aggressor,1,1.346742021276596,0.36948682385575593,0.4339622641509434,0.1108294930875576,0.018144630348145157,0.06797235023041474
2581,1,Support/Utility Player,3,1.0405327156919515,0.27466150870406186,0.5057471264367817,0.08387657540199914,0.039974210186976146,0.08039982616253803
2582,1,Support/Utility Player,3,1.2342857142857144,0.4095744680851064,0.6363636363636364,0.05223880597014925,0.015957446808510637,0.1119402985074627
2583,3,Dominant Fragger,0,1.4565217391304346,0.4237012987012987,0.5714285714285714,0.14520958083832336,0.011363636363636364,0.05538922155688623
2584,0,Passive/Low Impact,2,0.9143610013175231,0.3711507293354943,0.325,0.07763975155279504,0.014586709886547812,0.05486542443064183
2585,3,Dominant Fragger,0,1.386473429951691,0.4728682170542635,0.5833333333333334,0.09897610921501705,0.015503875968992248,0.05802047781569966
2586,2,Balanced Aggressor,1,1.2457786116322702,0.4397950469684031,0.5047619047619047,0.11056163899682091,0.006831767719897524,0.03991522430236665
2588,1,Support/Utility Player,3,1.153681963713981,0.4028361344537815,0.5876288659793815,0.06516768292682927,0.06932773109243698,0.08727134146341464
2589,0,Passive/Low Impact,2,0.8721881390593047,0.2644295302013423,0.3333333333333333,0.08609271523178808,0.020134228187919462,0.07119205298013245
2590,0,Passive/Low Impact,2,0.9878542510121456,0.276595744680851,0.36,0.09586776859504131,0.021276595744680847,0.049586776859504134
2591,1,Support/Utility Player,3,1.1871794871794872,0.3300492610837439,0.47619047619047616,0.09845559845559844,0.05172413793103449,0.1023166023166023
2592,1,Support/Utility Player,1,0.9774236387782205,0.4731012658227848,0.3611111111111111,0.09714889123548046,0.04746835443037974,0.061246040126715945
2594,2,Balanced Aggressor,1,1.3524590163934427,0.4812286689419795,0.4166666666666667,0.0759493670886076,0.0,0.04430379746835444
2596,2,Balanced Aggressor,1,1.2774566473988438,0.2935196950444727,0.34285714285714286,0.11328976034858389,0.01397712833545108,0.04793028322440087
2597,1,Support/Utility Player,3,1.4019607843137258,0.416,0.6190476190476191,0.07971656333038087,0.028999999999999998,0.08945969884853854
2598,1,Support/Utility Player,1,1.0631844987363102,0.360352422907489,0.5081967213114754,0.08795180722891567,0.02907488986784141,0.07289156626506024
2599,1,Support/Utility Player,3,1.164185452998724,0.2965165675446049,0.5189873417721519,0.09344262295081966,0.02931180968564146,0.07967213114754097
2601,2,Balanced Aggressor,1,1.097649186256781,0.33849129593810445,0.5225225225225225,0.09021246952281436,0.02949709864603482,0.04179728317659353
2602,2,Balanced Aggressor,1,1.2976294995610183,0.3656945510360706,0.35833333333333334,0.1093000958772771,0.031465848042977744,0.059443911792905084
2604,2,Balanced Aggressor,1,1.1852288815479,0.3270263957019388,0.5024154589371981,0.1054156855642094,0.015491798259639002,0.05814164100706394
2606,3,Dominant Fragger,0,1.2382716049382716,0.3906520484708597,0.6153846153846154,0.11418047882136279,0.03346797461050202,0.06353591160220994
2607,1,Support/Utility Player,3,1.1499623210248682,0.37379002233804914,0.5070422535211268,0.07828418230563003,0.03350707371556218,0.07345844504021447
2608,0,Passive/Low Impact,2,0.9950000000000001,0.3566350710900474,0.3191489361702128,0.08596214511041009,0.03199052132701422,0.052050473186119876
2609,2,Balanced Aggressor,1,1.2671957671957672,0.40139751552795033,0.4,0.1178474114441417,0.024844720496894408,0.06743869209809264
2610,2,Balanced Aggressor,0,1.1358285541805009,0.4043915827996341,0.4817073170731707,0.11666279339995352,0.01951814577615127,0.05949337671392052
2612,1,Support/Utility Player,3,1.1992307692307693,0.3414996288047513,0.5147058823529411,0.07780821917808219,0.022271714922048998,0.07999999999999999
2613,3,Dominant Fragger,1,1.4767441860465116,0.35563733690197397,0.5677966101694916,0.10479409956976028,0.015389762462361995,0.0430239704978488
2614,2,Balanced Aggressor,0,1.2188399835458659,0.43859649122807015,0.456,0.08620689655172413,0.024790236460717013,0.057372175980975035
2615,2,Balanced Aggressor,1,1.1855670103092784,0.3680203045685279,0.425,0.09637404580152671,0.02791878172588833,0.04866412213740458
2617,2,Balanced Aggressor,1,1.0206489675516224,0.44256756756756754,0.3157894736842105,0.09004739336492891,0.003378378378378378,0.05687203791469194
2618,0,Passive/Low Impact,2,1.088235294117647,0.38222222222222224,0.3333333333333333,0.07142857142857142,0.017777777777777778,0.05442176870748299
2619,1,Support/Utility Player,3,1.1670084969235277,0.3743347131874631,0.5227272727272727,0.08982282653481664,0.030159668835008875,0.09517923362175526
2624,0,Passive/Low Impact,2,0.8258845437616387,0.26384256170780523,0.4852941176470588,0.05094509450945094,0.01134089392928619,0.032403240324032405
2626,0,Passive/Low Impact,2,0.9536279323513366,0.31184210526315786,0.5058823529411764,0.06711409395973154,0.01973684210526316,0.07172818791946309
2629,1,Support/Utility Player,3,1.0327102803738317,0.27807486631016043,0.2727272727272727,0.06593406593406594,0.021390374331550804,0.1501831501831502
2630,3,Dominant Fragger,1,1.4320877817319098,0.40428061831153383,0.5808383233532934,0.11191414805081033,0.010463733650416172,0.044897065265002194
2631,1,Support/Utility Player,1,1.1726504751847941,0.36482254697286015,0.4222222222222222,0.12924606462303231,0.05845511482254698,0.06338028169014084
2633,2,Balanced Aggressor,1,1.1726027397260272,0.37931034482758624,0.3888888888888889,0.11627906976744184,0.02917771883289125,0.05496828752642706
2636,1,Support/Utility Player,2,1.1507042253521127,0.30383275261324044,0.44,0.08718487394957983,0.029268292682926834,0.07668067226890755
2637,1,Support/Utility Player,1,1.0831185567010309,0.43835616438356156,0.4230769230769231,0.07696030977734754,0.03904109589041095,0.07260406582768636
2638,2,Balanced Aggressor,1,1.093264248704663,0.34210526315789475,0.5294117647058824,0.08887677208287896,0.01393188854489164,0.06597600872410032
2640,0,Passive/Low Impact,1,1.0852713178294573,0.45721925133689845,0.3,0.05749486652977412,0.0026737967914438505,0.08008213552361397
2642,0,Passive/Low Impact,2,0.7535014005602241,0.23265306122448978,0.3684210526315789,0.04357298474945533,0.02040816326530612,0.05010893246187364
2643,3,Dominant Fragger,0,1.2572992700729928,0.4709784411276948,0.6666666666666666,0.08578745198463508,0.028192371475953562,0.08194622279129321
2644,1,Support/Utility Player,2,1.067509145327569,0.2973421926910299,0.45295404814004375,0.10189144736842105,0.023544638173506858,0.07976973684210525
2647,1,Support/Utility Player,1,1.2388797364085669,0.4205875855975259,0.5305164319248826,0.09539473684210525,0.042853987187983215,0.056440443213296394
2649,2,Balanced Aggressor,0,1.1735993208828521,0.45177246496290185,0.49122807017543857,0.10067545834673527,0.018136850783182192,0.05339337407526535
2650,0,Passive/Low Impact,2,0.9107981220657277,0.3132530120481928,0.2727272727272727,0.040540540540540536,0.006024096385542168,0.05405405405405406
2652,2,Balanced Aggressor,0,1.1798941798941798,0.40103270223752147,0.49122807017543857,0.12397260273972603,0.00946643717728055,0.05205479452054794
2653,2,Balanced Aggressor,1,1.3407960199004973,0.33333333333333337,0.4,0.10555555555555556,0.0,0.09814814814814815
2654,3,Dominant Fragger,0,1.5262543757292883,0.3153232949512843,0.7391304347826086,0.12932454695222406,0.015057573073516385,0.08566721581548599
2656,2,Balanced Aggressor,1,1.1461187214611872,0.38626609442060084,0.16666666666666666,0.11029411764705882,0.0,0.03308823529411765
2658,0,Passive/Low Impact,3,0.8836987607244996,0.34531450577663675,0.40425531914893614,0.05912408759124087,0.037227214377406934,0.06861313868613138
2659,2,Balanced Aggressor,1,1.1075050709939147,0.4040816326530612,0.5185185185185185,0.13251155624036978,0.02040816326530612,0.08012326656394453
2660,2,Balanced Aggressor,1,1.1383928571428572,0.3331824354911725,0.45871559633027525,0.13473684210526318,0.02851969216840199,0.03508771929824562
2661,0,Passive/Low Impact,2,0.780564263322884,0.3073394495412844,0.2857142857142857,0.09898477157360405,0.018348623853211007,0.025380710659898477
2663,0,Passive/Low Impact,3,0.8268983268983269,0.35430157261794637,0.43283582089552236,0.06726221755123489,0.06105457909343201,0.050446663163426164
2667,3,Dominant Fragger,0,1.6496718828874306,0.4704475572258285,0.46788990825688076,0.11774861878453038,0.038947728049197126,0.09357734806629833
2668,1,Support/Utility Player,0,1.2862023653088042,0.4253832281334536,0.494949494949495,0.09992514970059879,0.030432822362488725,0.07709580838323353
2671,2,Balanced Aggressor,0,1.0493827160493827,0.40162822252374486,0.5128205128205128,0.13359528487229863,0.024423337856173677,0.04911591355599214
2672,0,Passive/Low Impact,1,1.052995391705069,0.36803874092009686,0.48148148148148145,0.039097744360902256,0.03389830508474576,0.05413533834586467
2673,2,Balanced Aggressor,1,1.2041420118343196,0.37903225806451607,0.4444444444444444,0.11212814645308924,0.013440860215053764,0.05720823798627002
2674,1,Support/Utility Player,0,1.2397408207343414,0.44508670520231214,0.6438356164383562,0.09915296462381663,0.05716120745022479,0.07722969606377678
2675,1,Support/Utility Player,3,1.0805270863836016,0.3125,0.5217391304347826,0.07586933614330875,0.05142405063291139,0.09747102212855638
2677,1,Support/Utility Player,3,1.3115801166342682,0.3516113516113516,0.5105263157894737,0.09822646657571622,0.026695526695526696,0.08692262716819334
2678,2,Balanced Aggressor,0,1.1195652173913042,0.40713632204940536,0.41818181818181815,0.12154696132596686,0.023787740164684355,0.034530386740331494
2680,1,Support/Utility Player,1,1.273589164785553,0.2976238421264599,0.4482758620689655,0.09183027232425585,0.030608135320177206,0.10069664344521848
2681,2,Balanced Aggressor,2,0.8538034865293187,0.4639912039582188,0.45901639344262296,0.06628966383914546,0.013743815283122594,0.03518693056864593
2683,1,Support/Utility Player,3,1.0320452403393023,0.3699575371549894,0.5098039215686274,0.08753126116470168,0.05307855626326964,0.06323687031082528
2685,3,Dominant Fragger,0,1.2584373555247341,0.358974358974359,0.6396396396396397,0.11661016949152542,0.020512820512820513,0.04542372881355932
2686,2,Balanced Aggressor,1,1.16,0.3853658536585366,0.3,0.14661654135338345,0.024390243902439025,0.08270676691729323
2688,2,Balanced Aggressor,1,0.9853479853479854,0.48373983739837395,0.4166666666666667,0.09064327485380118,0.012195121951219513,0.04678362573099415
2690,1,Support/Utility Player,1,1.3382250174703005,0.4380733944954128,0.5,0.10485485485485485,0.05217889908256881,0.08233233233233232
2692,2,Balanced Aggressor,1,0.8357142857142857,0.495114006514658,0.38095238095238093,0.10848126232741617,0.0065146579804560255,0.04142011834319527
2694,1,Support/Utility Player,2,1.1586638830897704,0.33803763440860213,0.44594594594594594,0.07854507116499736,0.015456989247311826,0.0753821823932525
2695,2,Balanced Aggressor,2,0.9110512129380055,0.3311036789297659,0.3181818181818182,0.11187214611872144,0.0033444816053511705,0.02968036529680365
2697,2,Balanced Aggressor,0,1.1730769230769231,0.3268733850129199,0.47058823529411764,0.1618841364374662,0.020671834625322995,0.051434759068760154
2698,2,Balanced Aggressor,2,1.02306563220801,0.370953032375741,0.4235294117647059,0.09627581720604977,0.03875968992248062,0.02748414376321353
2699,2,Balanced Aggressor,1,1.0608343797962885,0.2528580024067389,0.5101449275362319,0.14366750299989092,0.036101083032490974,0.057925166357586995
2700,3,Dominant Fragger,0,1.162557077625571,0.41592920353982293,0.6,0.10450819672131148,0.02704031465093412,0.06557377049180328
2704,1,Support/Utility Player,1,1.0640266469282014,0.34033104561970123,0.4861111111111111,0.0804897108622037,0.028259991925716592,0.07606147434227663
2709,1,Support/Utility Player,3,1.2737154150197627,0.4256584536958368,0.7966101694915254,0.06513409961685825,0.037383177570093455,0.10153256704980843
2710,3,Dominant Fragger,1,1.3277777777777777,0.4346781940441883,0.47619047619047616,0.15230635335073978,0.06892411143131605,0.0639686684073107
2711,0,Passive/Low Impact,2,1.0964876867178037,0.3145196036191297,0.48760330578512395,0.07525188916876575,0.013787160706591986,0.07682619647355164
2712,2,Balanced Aggressor,1,1.1465666474321985,0.3416166809483005,0.5028248587570622,0.10479041916167665,0.01228220508426164,0.05153977758768178
2714,0,Passive/Low Impact,1,1.0417335473515248,0.3756432246998285,0.3793103448275862,0.07081807081807082,0.030874785591766728,0.07203907203907205
2716,1,Support/Utility Player,3,1.1259920634920635,0.31675126903553297,0.5454545454545454,0.06366782006920414,0.005076142131979695,0.10449826989619376
